nombre,link,direccion,tipo,categoria,telefono,email,coordenadas,web,clasificación,situacion_caminos_de_santiago,tipos_de_servicios,salones,servicios_enoturismo,situacion_visitas
ABRAMAR VIAJES,https://www.turismo.gal/recurso/-/detalle/4554/abramar-viajes-?langId=es_ES&tp=73&ctre=153,"Reconquista, nº 3 36201 Vigo - Pontevedra",Agencia de viajes,,986 44 70 60,abramar@abramar.com,"42º 14' 19.4"" N - 8º 43' 23.0"" W",http://www.abramar.com/,Grupo: Mayorista-Minorista | Tipo agencia: Casa matriz | Modalidad: Agencias de viajes con establecimiento físico,Camino Portugués de la costa,,,,
ADEMAR VIAJES,https://www.turismo.gal/recurso/-/detalle/33594/ademar-viajes?langId=es_ES&tp=73&ctre=153,"DOUTOR CARRACIDO, 31 36205 Vigo - Pontevedra",Agencia de viajes,,+34 986 135 913,ademarviajes@gruposercom.com,"42º 13' 46.5"" N - 8º 42' 17.8"" W",,Grupo: Minorista | Tipo agencia: Casa matriz,Camino Portugués de la costa,,,,
AGENCIA MAS VIAJES,https://www.turismo.gal/recurso/-/detalle/230310000215/agencia-mas-viajes?langId=es_ES&tp=73&ctre=153,"Calle Progreso, 81 - Edificio Plaza, nº 81 - Bloque II 36960 Sanxenxo - Pontevedra",Agencia de viajes,,,cmiriamgomez@hotmail.com,,,Grupo: Mayorista-Minorista | Tipo agencia: Casa matriz | Modalidad: Agencias de viajes con establecimiento físico,Ruta del Mar de Arousa y Ulla,,,,
AGENCIA SANVITUR,https://www.turismo.gal/recurso/-/detalle/220103000002/agencia-sanvitur?langId=es_ES&tp=73&ctre=153,,Agencia de viajes,,,INFO@CAMPINGPLAYAPAISAXE.COM,,http://%20www.bungalowsgalicia.com/,Grupo: Minorista | Tipo agencia: Casa matriz | Modalidad: Agencia de viajes on line,Ruta del Mar de Arousa y Ulla,,,,
ALOJATE SALNES,https://www.turismo.gal/recurso/-/detalle/220505000107/alojate-salnes?langId=es_ES&tp=73&ctre=153,,Agencia de viajes,,,info@alojatesalnes.es,,http://www.alojatesalnes.es/,Grupo: Mayorista-Minorista | Tipo agencia: Casa matriz | Modalidad: Agencia de viajes on line,Ruta del Mar de Arousa y Ulla,,,,
ALWAYS SPAIN INCOMING,https://www.turismo.gal/recurso/-/detalle/231204000018/always-spain-incoming?langId=es_ES&tp=73&ctre=153,,Agencia de viajes,,,beni@alwaysspainincoming.com,,http://www.alwaysspainincoming.com/,Grupo: Mayorista-Minorista | Tipo agencia: Casa matriz | Modalidad: Agencia de viajes on line,Camino Portugués | Ruta del Mar de Arousa y Ulla,,,,
AMA VIAJES,https://www.turismo.gal/recurso/-/detalle/4563/ama-viajes?langId=es_ES&tp=73&ctre=153,"URUGUAY, nº 8 36201 Vigo - Pontevedra",Agencia de viajes,,+34 986 447 575,ISABEL@AMAVIAJES.COM,"42º 14' 25.2"" N - 8º 43' 24.4"" W",,Grupo: Minorista | Tipo agencia: Casa matriz,Camino Portugués de la costa,,,,
ANANDA HOLIDAYS,https://www.turismo.gal/recurso/-/detalle/171221000086/ananda-holidays?langId=es_ES&tp=73&ctre=153,,Agencia de viajes,,,info@anandaholidays.com,,https://anandaholidays.com/,Grupo: Minorista | Tipo agencia: Casa matriz | Modalidad: Agencia de viajes on line,Camino Portugués de la costa,,,,
AS NEVES LINEATOURS,https://www.turismo.gal/recurso/-/detalle/220701000008/as-neves-lineatours?langId=es_ES&tp=73&ctre=153,,Agencia de viajes,,,,,http://www.asneves.lineatours.com/,Grupo: Minorista | Tipo agencia: Casa matriz | Modalidad: Agencia de viajes on line,,,,,
AXIA TRAVEL,https://www.turismo.gal/recurso/-/detalle/190506000037/axia-travel?langId=es_ES&tp=73&ctre=153,,Agencia de viajes,,,info@axiatravel.es,,,Grupo: Mayorista-Minorista | Tipo agencia: Casa matriz | Modalidad: Agencia de viajes on line,Camino Portugués de la costa,,,,
AYUKO TOUR,https://www.turismo.gal/recurso/-/detalle/180302000013/ayuko-tour?langId=es_ES&tp=73&ctre=153,,Agencia de viajes,,+34 686 654 060,info@ayukoaventura.com,,https://ayukotour.com/,Grupo: Mayorista-Minorista | Tipo agencia: Casa matriz | Modalidad: Agencia de viajes on line,Camino Portugués de la costa,,,,
AZOR TURISMO Y EVENTOS,https://www.turismo.gal/recurso/-/detalle/201203000024/azor-turismo-y-eventos?langId=es_ES&tp=73&ctre=153,,Agencia de viajes,,+34 910 605 057,info@azoreventos.es,,http://azoreventos.es/,Grupo: Minorista | Tipo agencia: Casa matriz | Modalidad: Agencia de viajes on line,Camino Portugués,,,,
B TRAVEL,https://www.turismo.gal/recurso/-/detalle/250225000392/b-travel?langId=es_ES&tp=73&ctre=153,"Calle Luis Vidal Rocha, nº 3 36960 Sanxenxo - Pontevedra",Agencia de viajes,,,sanxenxo@btravel.com,,,Grupo: Mayorista-Minorista | Tipo agencia: Sucursal de una casa matriz no de Galicia | Modalidad: Agencias de viajes con establecimiento físico,,,,,
B TRAVEL,https://www.turismo.gal/recurso/-/detalle/274955422/b-travel?langId=es_ES&tp=73&ctre=153,"GRAN VIA, nº 31 36211 Pontevedra - Pontevedra",Agencia de viajes,,,vgo-granvia@bthetravelbrand.com,"42º 13' 54.0"" N - 8º 43' 03.9"" W",https://oficinas.bthetravelbrand.com/298,Grupo: Mayorista-Minorista | Tipo agencia: Sucursal de una casa matriz no de Galicia,Camino Portugués | Camino Portugués de la costa,,,,
B TRAVEL,https://www.turismo.gal/recurso/-/detalle/280378712/b-travel?langId=es_ES&tp=73&ctre=153,"MANUEL ALVAREZ - andar B letra IZQ, nº 12 36780 A Guarda - Pontevedra",Agencia de viajes,,,,,https://oficinas.bthetravelbrand.com/1745,Grupo: Mayorista-Minorista | Tipo agencia: Sucursal de una casa matriz no de Galicia,Camino Portugués de la costa,,,,
B TRAVEL,https://www.turismo.gal/recurso/-/detalle/280378872/b-travel?langId=es_ES&tp=73&ctre=153,"ALVARO CUNQUEIRO, nº 17 36211 Pontevedra - Pontevedra",Agencia de viajes,,,,,https://oficinas.bthetravelbrand.com/1363,Grupo: Mayorista-Minorista | Tipo agencia: Sucursal de una casa matriz no de Galicia,Camino Portugués | Camino Portugués de la costa,,,,
B TRAVEL,https://www.turismo.gal/recurso/-/detalle/280379514/b-travel?langId=es_ES&tp=73&ctre=153,"Uruguay, nº 31 36201 Vigo - Pontevedra",Agencia de viajes,,+34 986 266 536,vgo-alcaldegregorioespino@bthetravelbrand.com,,https://oficinas.bthetravelbrand.com/1844,Grupo: Mayorista-Minorista | Tipo agencia: Sucursal de una casa matriz no de Galicia,Camino Portugués | Camino Portugués de la costa,,,,
B TRAVEL,https://www.turismo.gal/recurso/-/detalle/280379515/b-travel?langId=es_ES&tp=73&ctre=153,Compostela esquina Ourense 36700 Tui - Pontevedra,Agencia de viajes,,+34 986 603 518,tui1742@bthetravelbrand.com,,https://oficinas.bthetravelbrand.com/1742,Grupo: Mayorista-Minorista | Tipo agencia: Sucursal de una casa matriz no de Galicia,Camino Portugués,,,,
B TRAVEL,https://www.turismo.gal/recurso/-/detalle/280379536/b-travel?langId=es_ES&tp=73&ctre=153,"MENDEZ NUÑEZ, nº 27 36940 Cangas - Pontevedra",Agencia de viajes,,,cangasdomorrazo@bthetravelbrand.com,,https://oficinas.bthetravelbrand.com/1845,Grupo: Mayorista-Minorista | Tipo agencia: Sucursal de una casa matriz no de Galicia,,,,,
B TRAVEL,https://www.turismo.gal/recurso/-/detalle/280379572/b-travel?langId=es_ES&tp=73&ctre=153,"RAMIRANES, nº 2 36400 O Porriño - Pontevedra",Agencia de viajes,,,,,https://oficinas.bthetravelbrand.com/1846,Grupo: Mayorista-Minorista | Tipo agencia: Sucursal de una casa matriz no de Galicia,Camino Portugués,,,,
B TRAVEL,https://www.turismo.gal/recurso/-/detalle/28835/b-travel?langId=es_ES&tp=73&ctre=153,"ALCALDE DANIEL OJEA, nº 3 36860 Ponteareas - Pontevedra",Agencia de viajes,,,,"42º 10' 21.7"" N - 8º 30' 15.4"" W",http://www.barceloviajes.com/,Grupo: Mayorista-Minorista | Tipo agencia: Sucursal de una casa matriz no de Galicia,,,,,
B TRAVEL,https://www.turismo.gal/recurso/-/detalle/4282/b-travel?langId=es_ES&tp=73&ctre=153,"ARAPILES, nº 4 36600 Vilagarcía de Arousa - Pontevedra",Agencia de viajes,,,,"42º 35' 44.7"" N - 8º 45' 52.3"" W",http://www.bthetravelbrandhttps//oficinas.bthetravelbrand.com/846.com,Grupo: Mayorista-Minorista | Tipo agencia: Sucursal de una casa matriz no de Galicia | Modalidad: Agencias de viajes con establecimiento físico,Ruta del Mar de Arousa y Ulla,,,,
B TRAVEL,https://www.turismo.gal/recurso/-/detalle/xg-po-000032/b-travel?langId=es_ES&tp=73&ctre=153,"MARQUES DE VALLADARES, nº 4 36201 Vigo - Pontevedra",Agencia de viajes,,+34 986 469 202,vigo-marques@bthetravelbrand.com,,https://oficinas.bthetravelbrand.com/1807,Grupo: Mayorista-Minorista | Tipo agencia: Sucursal de una casa matriz no de Galicia,Camino Portugués de la costa,,,,
BACK TRAVEL,https://www.turismo.gal/recurso/-/detalle/250117000170/back-travel?langId=es_ES&tp=73&ctre=153,,Agencia de viajes,,,booking@backtravel.biz,,https://www.backtravel.biz/,Grupo: Minorista | Tipo agencia: Casa matriz | Modalidad: Agencia de viajes on line,,,,,
BALUMA TRAVEL,https://www.turismo.gal/recurso/-/detalle/22129/baluma-travel?langId=es_ES&tp=73&ctre=153,"RÚA EDUARDO PONDAL, 3 - BAIXO 36630 Cambados - Pontevedra",Agencia de viajes,,+34 986 531 907,viajes@balumatravel.com,"42º 30' 52.1"" N - 8º 48' 45.3"" W",http://www.balumatravel.com/,Grupo: Mayorista-Minorista | Tipo agencia: Casa matriz,Ruta del Mar de Arousa y Ulla,,,,
BESPOKE SENSES,https://www.turismo.gal/recurso/-/detalle/280382072/bespoke-senses?langId=es_ES&tp=73&ctre=153,,Agencia de viajes,,,administracion@bespokesenses.com,,,Grupo: Mayorista-Minorista | Tipo agencia: Casa matriz | Modalidad: Agencia de viajes on line,Camino Portugués | Camino Portugués de la costa,,,,
BIKOTRAVEL,https://www.turismo.gal/recurso/-/detalle/230315000321/bikotravel?langId=es_ES&tp=73&ctre=153,,Agencia de viajes,,,PANTXI@PROTONMAIL.COM,,http://reservas.bikotravel.com/,Grupo: Mayorista-Minorista | Tipo agencia: Casa matriz | Modalidad: Agencia de viajes on line,Vía de la Plata,,,,
BIVES TOUR AGENCIA DE VIAJES,https://www.turismo.gal/recurso/-/detalle/xg-po-000246/bives-tour-agencia-de-viajes?langId=es_ES&tp=73&ctre=153,"Praza de Compostela, nº 4 36203 Vigo - Pontevedra",Agencia de viajes,,+34 986 446 262,,"42º 14' 20.0"" N - 8º 43' 21.1"" W",http://www.bivestour.com/,Grupo: Minorista | Tipo agencia: Sucursal de una casa matriz en Galicia,Camino Portugués de la costa,,,,
BIVESTOUR,https://www.turismo.gal/recurso/-/detalle/xg-po-000004/bivestour-?langId=es_ES&tp=73&ctre=153,"Calle Padre Don Rúa - Esq Bolivia, nº 10 36203 Vigo - Pontevedra",Agencia de viajes,,+34 986 414 488,informacion@bivestour.com,"42º 13' 54.9"" N - 8º 43' 12.3"" W",http://www.bivestour.com/,Grupo: Mayorista-Minorista | Tipo agencia: Casa matriz | Modalidad: Agencias de viajes con establecimiento físico,Camino Portugués de la costa,,,,
BLUSCUS TURISMO MARINERO,https://www.turismo.gal/recurso/-/detalle/220121000130/bluscus-turismo-marinero?langId=es_ES&tp=73&ctre=153,,Agencia de viajes,,,MARINO@BLUSCUS.ES,,http://www.bluscus.es/,Grupo: Mayorista-Minorista | Tipo agencia: Casa matriz | Modalidad: Agencia de viajes on line,Camino Portugués de la costa,,,,
BOAVILA VIAXES,https://www.turismo.gal/recurso/-/detalle/181116000136/boavila-viaxes?langId=es_ES&tp=73&ctre=153,"Oliva, nº 33 36001 Pontevedra - Pontevedra",Agencia de viajes,,+34 689 706 483,boavilaviaxes@gmail.com,,,Grupo: Minorista | Tipo agencia: Casa matriz | Modalidad: Agencias de viajes con establecimiento físico,Camino Portugués | Camino Portugués de la costa,,,,
BOAVILA VIAXES,https://www.turismo.gal/recurso/-/detalle/220112000049/boavila-viaxes?langId=es_ES&tp=73&ctre=153,"Calle García Barbón, nº 63 36203 Vigo - Pontevedra",Agencia de viajes,,+34 886 905 069,mc.segade@boavilaviaxes.es,,,Grupo: Minorista | Tipo agencia: Sucursal de una casa matriz en Galicia | Modalidad: Agencias de viajes con establecimiento físico,Camino Portugués de la costa,,,,
BODEGA TRAVEL,https://www.turismo.gal/recurso/-/detalle/230213000178/bodega-travel?langId=es_ES&tp=73&ctre=153,,Agencia de viajes,,,info@bodegatravel.com,,https://bodegatravel.com/,Grupo: Mayorista-Minorista | Tipo agencia: Casa matriz | Modalidad: Agencia de viajes on line,Camino Portugués,,,,
BONOS BIENESTAR,https://www.turismo.gal/recurso/-/detalle/210531000752/bonos-bienestar?langId=es_ES&tp=73&ctre=153,,Agencia de viajes,,,info@vouxers.com,,https://www.vouxers.com/,Grupo: Minorista | Tipo agencia: Casa matriz | Modalidad: Agencia de viajes on line,Camino Portugués de la costa,,,,
BOOTS&GRAPES TOURS,https://www.turismo.gal/recurso/-/detalle/280382453/boots-grapes-tours?langId=es_ES&tp=73&ctre=153,,Agencia de viajes,,,tours@bootsandgrapestours.com,,https://bootsandgrapestours.com/,Grupo: Minorista | Tipo agencia: Casa matriz | Modalidad: Agencia de viajes on line,,,,,
BREATHINGALICIA.,https://www.turismo.gal/recurso/-/detalle/190207000056/breathingalicia.?langId=es_ES&tp=73&ctre=153,,Agencia de viajes,,,hello@breathingalicia.com,,http://www.breathingalicia.com/,Grupo: Mayorista-Minorista | Tipo agencia: Casa matriz | Modalidad: Agencia de viajes on line,Ruta del Mar de Arousa y Ulla,,,,
BRUXAS TRAVEL,https://www.turismo.gal/recurso/-/detalle/xg-po-000431/bruxas-travel?langId=es_ES&tp=73&ctre=153,,Agencia de viajes,,+34 615 420 100,,,,Grupo: Minorista | Tipo agencia: Casa matriz | Modalidad: Agencia de viajes on line,Ruta del Mar de Arousa y Ulla,,,,
BUYDEAL,https://www.turismo.gal/recurso/-/detalle/161020000050/buydeal?langId=es_ES&tp=73&ctre=153,,Agencia de viajes,,+34 678 634 273,INFO@BUYDEAL.ES,,http://www.buydeal.es/,Grupo: Mayorista-Minorista | Tipo agencia: Casa matriz | Modalidad: Agencia de viajes on line,Camino Portugués de la costa,,,,
CAMINO COMPANIONS,https://www.turismo.gal/recurso/-/detalle/250314000247/camino-companions?langId=es_ES&tp=73&ctre=153,,Agencia de viajes,,,,,https://www.caminocompanions.com/,Grupo: Minorista | Tipo agencia: Casa matriz | Modalidad: Agencia de viajes on line,,,,,
CAMINO EN KAYAK,https://www.turismo.gal/recurso/-/detalle/210607000187/camino-en-kayak?langId=es_ES&tp=73&ctre=153,,Agencia de viajes,,,,,https://www.caminodesantiagoenkayak.com/,Grupo: Minorista | Tipo agencia: Casa matriz | Modalidad: Agencia de viajes on line,Ruta del Mar de Arousa y Ulla,,,,
CAMINO SANTIAGO A CABALLO CAMINOS GALICIA,https://www.turismo.gal/recurso/-/detalle/220720000425/camino-santiago-a-caballo-caminos-galicia?langId=es_ES&tp=73&ctre=153,,Agencia de viajes,,,caminosgalicia@hotmail.com,,,Grupo: Minorista | Tipo agencia: Casa matriz | Modalidad: Agencia de viajes on line,,,,,
CASTILLO DE SOUTOMAIOR,https://www.turismo.gal/recurso/-/detalle/15956/castillo-de-soutomaior?langId=es_ES&tp=26&ctre=186,"Castillo de Soutomaior, s/n 36691 Soutomaior - Pontevedra",Instalaciones especiales,,+34 986 705 105,info@hotelpousadadelcastillo.com,"42º 19' 43.8"" N - 8º 34' 04.1"" W",http://www.hotelpousadadelcastillo.com/,,Camino Portugués | Camino Portugués de la costa,Acceso discapacitados | Admite tarjetas de crédito | Alquiler de coches | Antena parabólica | Aparcamiento | Área de recepción | Azafatas | Bar-Cafetería | Fax | Fotocopiadora | Megafonía | Pantallas | Pizarra de papel | Podiums | Proyectores | Restaurante | Teléfono | Vídeo,Nombre | Clase | Cóctel | Restaurante | Teatro | U | Quirófano 16.00 32.00 25.00 20.00 | Noble 30.00 80.00 64.00 60.00 32.00 | Damas 18.00 45.00 35.00 30.00 18.00 | Batallas 60.00 150.00 110.00 150.00 46.00 | Auditorio 40.00 100.00 80.00 100.00 40.00,,
CELTIC VIAJES,https://www.turismo.gal/recurso/-/detalle/xg-po-000448/celtic-viajes-?langId=es_ES&tp=73&ctre=153,"Porto do Rio, nº 19 36650 Caldas de Reis - Pontevedra",Agencia de viajes,,+34 986 540 274,,,,Grupo: Minorista | Tipo agencia: Casa matriz | Modalidad: Agencias de viajes con establecimiento físico,Camino Portugués | Camino Portugués de la costa,,,,
CELTRAVEL,https://www.turismo.gal/recurso/-/detalle/5637/celtravel?langId=es_ES&tp=73&ctre=153,"Avenida AVENIDA DE MADRID, 6 , nº 6 36630 Cambados - Pontevedra",Agencia de viajes,,+34 986 524 445,reservas@celtravel.es,"42º 30' 54.5"" N - 8º 48' 52.2"" W",,Grupo: Mayorista-Minorista | Tipo agencia: Casa matriz,Ruta del Mar de Arousa y Ulla,,,,
CLAE VIAJES,https://www.turismo.gal/recurso/-/detalle/280377270/clae-viajes?langId=es_ES&tp=73&ctre=153,"Calle Doctor Tourón (Viveiro de empresas 11), nº 46 36600 Vilagarcía de Arousa - Pontevedra",Agencia de viajes,,+34 986 510 362,claeviajes@clickviaja.com,"42º 35' 25.7"" N - 8º 46' 05.0"" W",,Grupo: Mayorista-Minorista | Tipo agencia: Casa matriz | Modalidad: Agencias de viajes con establecimiento físico,Ruta del Mar de Arousa y Ulla,,,,
CN TRAVEL,https://www.turismo.gal/recurso/-/detalle/11316/cn-travel?langId=es_ES&tp=73&ctre=153,"Calle Vinquiño, nº 26 36960 Sanxenxo - Pontevedra",Agencia de viajes,,+34 986 690 490,COMUNICACION@CNTRAVEL.ES,"42º 24' 07.9"" N - 8º 48' 51.9"" W",http://www.cntravel.es/,Grupo: Mayorista-Minorista | Tipo agencia: Casa matriz | Modalidad: Agencias de viajes con establecimiento físico,Ruta del Mar de Arousa y Ulla,,,,
CONVENTO DE VILAVELLA,https://www.turismo.gal/recurso/-/detalle/32849/convento-de-vilavella?langId=es_ES&tp=26&ctre=186,"Plaza de Ponteareas, 15 36700 Redondela - Pontevedra",Instalaciones especiales,,+34 986 408 165,info@hotelpousadadelcastillo.com,"42º 16' 42.9"" N - 8º 36' 38.0"" W",,,Camino Portugués | Camino Portugués de la costa,,,,
CORVERA VIAJES,https://www.turismo.gal/recurso/-/detalle/278518244/corvera-viajes?langId=es_ES&tp=73&ctre=153,"MÉNDEZ NÚÑEZ, 37 36910 Marín - Pontevedra",Agencia de viajes,,+34 986 891 594,viajescorvera@gmail.com,"42º 23' 33.8"" N - 8º 42' 03.6"" W",https://www.facebook.com/corveraviajes,Grupo: Minorista | Tipo agencia: Casa matriz,,,,,
COSTA ATLÁNTICA VIAJES,https://www.turismo.gal/recurso/-/detalle/33435/costa-atlantica-viajes?langId=es_ES&tp=73&ctre=153,"Calle Brasilino Álvarez , nº 13 36780 A Guarda - Pontevedra",Agencia de viajes,,+34 986 612 554,grupos@costaatlanticaviajes.com,"41º 54' 05.0"" N - 8º 52' 19.9"" W",,Grupo: Minorista | Tipo agencia: Casa matriz,Camino Portugués de la costa,,,,
DDG DISFRUTANDO DE GALICIA,https://www.turismo.gal/recurso/-/detalle/190917000098/ddg-disfrutando-de-galicia?langId=es_ES&tp=73&ctre=153,,Agencia de viajes,,986 16 92 43,info@disfrutandodegalicia.com,,https://www.disfrutandodegalicia.com/,Grupo: Mayorista-Minorista | Tipo agencia: Casa matriz | Modalidad: Agencia de viajes on line,Camino Portugués de la costa,,,,
DISCOVER GALICIA,https://www.turismo.gal/recurso/-/detalle/280383252/discover-galicia?langId=es_ES&tp=73&ctre=153,,Agencia de viajes,,+34 645 929 766,discovergalicia@gmail.com,,https://discovergalicia.es/,Grupo: Mayorista-Minorista | Tipo agencia: Casa matriz | Modalidad: Agencia de viajes on line,Camino Portugués | Camino Portugués de la costa,,,,
DMC SOLOGRUPOS,https://www.turismo.gal/recurso/-/detalle/230803000063/dmc-sologrupos?langId=es_ES&tp=73&ctre=153,"Alameda, nº 16 36001 Pontevedra - Pontevedra",Agencia de viajes,,,marta@gtcconsultores.es,,,Grupo: Mayorista | Tipo agencia: Casa matriz | Modalidad: Agencias de viajes con establecimiento físico,Camino Portugués,,,,
E&W DESTINATION EXPERTS SL,https://www.turismo.gal/recurso/-/detalle/220505000104/e-w-destination-experts-sl?langId=es_ES&tp=73&ctre=153,,Agencia de viajes,,,info@eatandwalkabout.com,,https://www.eatandwalkabout.com/en/,Grupo: Mayorista-Minorista | Tipo agencia: Casa matriz | Modalidad: Agencia de viajes on line,,,,,
EATOUR SPECIALIST,https://www.turismo.gal/recurso/-/detalle/280378873/eatour-specialist?langId=es_ES&tp=73&ctre=153,"Calle Marqués de Valladares, 14 - 4ª 3 36201 Vigo - Pontevedra",Agencia de viajes,,+34 986 221 399,tours@eatourspecialist.com,,http://www.eatourspecialist.com/,Grupo: Minorista | Tipo agencia: Casa matriz,Camino Portugués de la costa,,,,
ED EUROPA DESTINOS,https://www.turismo.gal/recurso/-/detalle/190416000283/ed-europa-destinos?langId=es_ES&tp=73&ctre=153,,Agencia de viajes,,,admin@europadestinos.com,,http://www.europadestinos.com/,Grupo: Minorista | Tipo agencia: Casa matriz | Modalidad: Agencia de viajes on line,Camino Portugués de la costa,,,,
EL MUNDO YOURWAY,https://www.turismo.gal/recurso/-/detalle/277294830/el-mundo-yourway?langId=es_ES&tp=73&ctre=153,,Agencia de viajes,,,info@elmundoyourway.com,,http://www.elmundoyourway.com/,Grupo: Mayorista-Minorista | Tipo agencia: Casa matriz | Modalidad: Agencia de viajes on line,Camino Portugués de la costa,,,,
EL SALÓN DE TUS VIAJES,https://www.turismo.gal/recurso/-/detalle/280380838/el-salon-de-tus-viajes?langId=es_ES&tp=73&ctre=153,"Calle Edelmiro Trillo, 10 , nº 10 36600 Vilagarcía de Arousa - Pontevedra",Agencia de viajes,,+34 986 185 995,info@elsalondetusviajes.com,,,Grupo: Minorista | Tipo agencia: Casa matriz,Ruta del Mar de Arousa y Ulla,,,,
"ELSON TOURS, SL",https://www.turismo.gal/recurso/-/detalle/xg-po-000205/elson-tours-sl?langId=es_ES&tp=73&ctre=153,"PIZARRO, 73-BAIXO-LOCAL 10 36204 Vigo - Pontevedra",Agencia de viajes,,,,,,Grupo: Minorista | Tipo agencia: Sucursal de una casa matriz en Galicia,Camino Portugués de la costa,,,,
EMBARCATE CON VIGO,https://www.turismo.gal/recurso/-/detalle/210810000339/embarcate-con-vigo?langId=es_ES&tp=73&ctre=153,"Xeneral Rubín, nº 4 36800 Redondela - Pontevedra",Agencia de viajes,,,viajes@embarcateconvigo.com,,http://www.embarcateconvigo.com/,Grupo: Mayorista-Minorista | Tipo agencia: Casa matriz | Modalidad: Agencias de viajes con establecimiento físico,Camino Portugués | Camino Portugués de la costa,,,,
EMOTIONS TRAVEL & ESCAPES,https://www.turismo.gal/recurso/-/detalle/171109000054/emotions-travel-escapes?langId=es_ES&tp=73&ctre=153,,Agencia de viajes,,+34 650 209 296,luzxom@gmail.com,,https://booking.emotionstravel.eu/,Grupo: Mayorista-Minorista | Tipo agencia: Casa matriz | Modalidad: Agencia de viajes on line,,,,,
ENSTEC ENCUENTROS SOCIALES Y TÉCNICOS,https://www.turismo.gal/recurso/-/detalle/151116000026/enstec-encuentros-sociales-y-tecnicos?langId=es_ES&tp=73&ctre=153,,Agencia de viajes,,+34 665 177 285,administracion@enstec.es,,http://enstec.es/,Grupo: Mayorista-Minorista | Tipo agencia: Casa matriz | Modalidad: Agencia de viajes on line,Camino de Invierno | Vía de la Plata,,,,
EROSKI BIDAIAK SA,https://www.turismo.gal/recurso/-/detalle/210211000042/eroski-bidaiak-sa?langId=es_ES&tp=73&ctre=153,"Rosalía de Castro, nº 1 36001 Pontevedra - Pontevedra",Agencia de viajes,,+34 986 075 680,v2697@viajeseroski.es,,,Grupo: Mayorista-Minorista | Tipo agencia: Sucursal de una casa matriz no de Galicia | Modalidad: Agencias de viajes con establecimiento físico,Camino Portugués,,,,
EROSKI BIDAIAK SA,https://www.turismo.gal/recurso/-/detalle/xg-po-000120/eroski-bidaiak-sa?langId=es_ES&tp=73&ctre=153,"Travesia de Vigo , nº 48 36206 Vigo - Pontevedra",Agencia de viajes,,+34 986 281 786,,"42º 14' 03.8"" N - 8º 42' 20.4"" W",http://www.viajeseroski.es/,Grupo: Mayorista-Minorista | Tipo agencia: Sucursal de una casa matriz no de Galicia,Camino Portugués de la costa,,,,
"EROSKI BIDAIAK, SA",https://www.turismo.gal/recurso/-/detalle/15874/eroski-bidaiak-sa?langId=es_ES&tp=73&ctre=153,"Avda. Galicia, nº 6 36780 A Guarda - Pontevedra",Agencia de viajes,,+34 986 611 560,s2432@eroski.es,"41º 54' 09.0"" N - 8º 52' 22.1"" W",http://www.viajeseroski.es/,Grupo: Mayorista-Minorista | Tipo agencia: Sucursal de una casa matriz no de Galicia,Camino Portugués de la costa,,,,
"EROSKI BIDAIAK, SA",https://www.turismo.gal/recurso/-/detalle/16132/eroski-bidaiak-sa?langId=es_ES&tp=73&ctre=153,"Mendez Nuñez, nº 1 36940 Cangas - Pontevedra",Agencia de viajes,,+34 986 303 870,s2432@eroski.es,"42º 15' 50.4"" N - 8º 46' 55.3"" W",http://www.viajeseroski.es/,Grupo: Mayorista-Minorista | Tipo agencia: Sucursal de una casa matriz no de Galicia,,,,,
EXCURSIONES FRAN,https://www.turismo.gal/recurso/-/detalle/240205000040/excursiones-fran?langId=es_ES&tp=73&ctre=153,,Agencia de viajes,,,,,https://www.viajesfran.com/,Grupo: Minorista | Tipo agencia: Casa matriz | Modalidad: Agencia de viajes on line,,,,,
EXCURSIONES Y VIAJES VIGO,https://www.turismo.gal/recurso/-/detalle/240718000361/excursiones-y-viajes-vigo?langId=es_ES&tp=73&ctre=153,,Agencia de viajes,,,turisticasdevigo@hotmail.com,,https://excursionesyviajesvigo.com/,Grupo: Minorista | Tipo agencia: Casa matriz | Modalidad: Agencia de viajes on line,Camino Portugués de la costa,,,,
FANCY TRAVEL 16,https://www.turismo.gal/recurso/-/detalle/220923000441/fancy-travel-16?langId=es_ES&tp=73&ctre=153,,Agencia de viajes,,,info@fancytravel16.com,,http://www.fancytravel16.com/,Grupo: Minorista | Tipo agencia: Casa matriz | Modalidad: Agencia de viajes on line,Camino Portugués de la costa,,,,
FERIA INTERNACIONAL DE GALICIA,https://www.turismo.gal/recurso/-/detalle/15952/feria-internacional-de-galicia?langId=es_ES&tp=95&ctre=187,"Recinto Ferial, s/n 36540 Silleda - Pontevedra",Grandes Recintos,Otros,+34 986 577 000,congresos@feiragalicia.com,"42º 42' 24.0"" N - 8º 14' 38.9"" W",http://www.feiragalicia.com/,,Camino de Invierno | Vía de la Plata,Acceso discapacitados | Acceso Internet | Admite tarjetas de crédito | Aire acondicionado | Alquiler de coches | Aparcamiento | Área de recepción | Azafatas | Bar-Cafetería | Fax | Fotocopiadora | Guardarropa | Hilo musical | Megafonía | Montaje de stands | Pasarela-desfile | Podiums/tarimas | Proyección de cine | Relaciones públicas | Restaurante | Sala VIP/Prensa | Servicio de catering | Servicio de Seguridad | Servicios audiovisuales | Teléfono | Traducción simultánea,Nombre | Clase | Teatro | U | Sala 6 200.00 | Sala 5 130.00 30.00 100.00 | Sala 4 20.00 50.00 15.00 | Sala 3 30.00 30.00 25.00 | Sala 2 20.00 120.00 15.00 | Sala 1 80.00 120.00 55.00 | Sala 1 80.00 624.00 55.00,,
FEXDEGA,https://www.turismo.gal/recurso/-/detalle/17429/fexdega?langId=es_ES&tp=95&ctre=187,"Finca A Maroma, s/n 36600 Vilagarcía de Arousa - Pontevedra",Grandes Recintos,Otros,+34 986 566 012,fexdega@fexdega.es,"42º 35' 24.0"" N - 8º 45' 48.9"" W",http://www.fexdega.es/,,Ruta del Mar de Arousa y Ulla,Bar-Cafetería,,,
FOG TRAVEL,https://www.turismo.gal/recurso/-/detalle/269394641/fog-travel?langId=es_ES&tp=73&ctre=153,"Calle Vicente Sobrino, nº 18 36780 A Guarda - Pontevedra",Agencia de viajes,,+34 986 472 947,info@fogtravel.com,"42º 13' 24.9"" N - 8º 43' 43.9"" W",,Grupo: Minorista | Tipo agencia: Casa matriz,Camino Portugués de la costa,,,,
GALEGRÍA VIAJES Y EXPERIENCIAS,https://www.turismo.gal/recurso/-/detalle/190409000132/galegria-viajes-y-experiencias?langId=es_ES&tp=73&ctre=153,,Agencia de viajes,,,info@galegriaviajes.com,,http://www.galegriaviajes.com/,Grupo: Mayorista-Minorista | Tipo agencia: Casa matriz | Modalidad: Agencia de viajes on line,,,,,
"GALICIA EXPRESS, S.A.",https://www.turismo.gal/recurso/-/detalle/273/galicia-express-s.a.?langId=es_ES&tp=73&ctre=153,"R/ ROSALÍA DE CASTRO, Nº 1 36930 Bueu - Pontevedra",Agencia de viajes,,+34 986 321 375,agenciaviajes@galiciaexpress.e.telefonica.net,"42º 19' 35.1"" N - 8º 47' 17.4"" W",,Grupo: Minorista | Tipo agencia: Sucursal de una casa matriz en Galicia,,,,,
GALICIA HOLIDAY,https://www.turismo.gal/recurso/-/detalle/221110000123/galicia-holiday?langId=es_ES&tp=73&ctre=153,,Agencia de viajes,,,galiciaholiday@gmail.com,,http://www.galiciaholiday.com/,Grupo: Minorista | Tipo agencia: Casa matriz | Modalidad: Agencia de viajes on line,Camino Portugués de la costa,,,,
GALICIA ORIGINAL TOURS,https://www.turismo.gal/recurso/-/detalle/250226000429/galicia-original-tours?langId=es_ES&tp=73&ctre=153,,Agencia de viajes,,,info@galiciaoriginal.com,,http://www.galiciaoriginal.com/,Grupo: Mayorista-Minorista | Tipo agencia: Casa matriz | Modalidad: Agencia de viajes on line,Camino Portugués de la costa,,,,
GALICIA WALKING FESTIVAL,https://www.turismo.gal/recurso/-/detalle/200225000382/galicia-walking-festival?langId=es_ES&tp=73&ctre=153,,Agencia de viajes,,,info@galiciawalkingfestival.com,,https://www.galiciawalkingfestival.com/es/,Grupo: Mayorista-Minorista | Tipo agencia: Casa matriz | Modalidad: Agencia de viajes on line,Camino Portugués | Camino Portugués de la costa,,,,
GALISACRA ESPJ,https://www.turismo.gal/recurso/-/detalle/220726000660/galisacra-espj?langId=es_ES&tp=73&ctre=153,,Agencia de viajes,,+34 621 206 777,INFO@GALISACRA.COM,,http://www.galisacra.com/,Grupo: Minorista | Tipo agencia: Casa matriz | Modalidad: Agencia de viajes on line,Camino Portugués de la costa,,,,
GALITRAVEL,https://www.turismo.gal/recurso/-/detalle/230412000150/galitravel?langId=es_ES&tp=73&ctre=153,"Gutiérrez Mellado, nº 12 36001 Pontevedra - Pontevedra",Agencia de viajes,,,viajesgalitravel@gmail.com,,,Grupo: Minorista | Tipo agencia: Casa matriz | Modalidad: Agencias de viajes con establecimiento físico,Camino Portugués,,,,
GALIWONDERS,https://www.turismo.gal/recurso/-/detalle/230705000055/galiwonders?langId=es_ES&tp=73&ctre=153,,Agencia de viajes,,,info@galiwonders.com,,https://galiwonders.com/,Grupo: Mayorista-Minorista | Tipo agencia: Casa matriz | Modalidad: Agencia de viajes on line,Camino Portugués,,,,
GASPAR & SUAREZ TRAVELS AND LUXURY EXPERIENCES,https://www.turismo.gal/recurso/-/detalle/220706000138/gaspar-suarez-travels-and-luxury-experiences?langId=es_ES&tp=73&ctre=153,,Agencia de viajes,,,,,http://gasparsuarez.com/,Grupo: Mayorista-Minorista | Tipo agencia: Casa matriz | Modalidad: Agencia de viajes on line,Camino Portugués | Ruta del Mar de Arousa y Ulla,,,,
GESTORIA BOWIE,https://www.turismo.gal/recurso/-/detalle/230912000224/gestoria-bowie?langId=es_ES&tp=73&ctre=153,"Rúa Nova do Couso, nº 10 36770 O Rosal - Pontevedra",Agencia de viajes,,,VIAJES@GESTORIABOWIEVIAJES.COM,,,Grupo: Minorista | Tipo agencia: Casa matriz | Modalidad: Agencias de viajes con establecimiento físico,Camino Portugués de la costa,,,,
GREEN CARIBE TRAVELS,https://www.turismo.gal/recurso/-/detalle/220527000594/green-caribe-travels?langId=es_ES&tp=73&ctre=153,,Agencia de viajes,,+34 646 479 063,naturalmentecubaviajes@gmail.com,,https://greencaribetravels.com/,Grupo: Mayorista-Minorista | Tipo agencia: Casa matriz | Modalidad: Agencia de viajes on line,Camino Portugués de la costa,,,,
HALCON VIAJES,https://www.turismo.gal/recurso/-/detalle/4555/halcon-viajes?langId=es_ES&tp=73&ctre=153,"CARABELA PINTA, nº 8 36300 Baiona - Pontevedra",Agencia de viajes,,+34 986 355 795,baiona@halconviajes.com,"42º 07' 14.0"" N - 8º 51' 00.6"" W",http://www.viajesecuador.com/,Grupo: Mayorista-Minorista | Tipo agencia: Sucursal de una casa matriz no de Galicia,Camino Portugués de la costa,,,,
HALCÓN VIAJES,https://www.turismo.gal/recurso/-/detalle/xg-po-000061/halcon-viajes?langId=es_ES&tp=73&ctre=153,"RÚA GREGORIO ESPINO, 27 36205 Vigo - Pontevedra",Agencia de viajes,,,,,,Grupo: Mayorista-Minorista | Tipo agencia: Sucursal de una casa matriz no de Galicia,Camino Portugués de la costa,,,,
HALCONVIAJES.COM,https://www.turismo.gal/recurso/-/detalle/xg-po-000360/halconviajes.com?langId=es_ES&tp=73&ctre=153,"GARCIA BARBON, nº 49 36201 Vigo - Pontevedra",Agencia de viajes,,+34 986 125 615,,,,Grupo: Mayorista-Minorista | Tipo agencia: Sucursal de una casa matriz no de Galicia,Camino Portugués de la costa,,,,
INMOTRAVEL,https://www.turismo.gal/recurso/-/detalle/181221000190/inmotravel?langId=es_ES&tp=73&ctre=153,"Estrada da Lanzada , nº 22 36970 Sanxenxo - Pontevedra",Agencia de viajes,,,emilio.camina@yahoo.es,,,Grupo: Mayorista-Minorista | Tipo agencia: Casa matriz | Modalidad: Agencias de viajes con establecimiento físico,Ruta del Mar de Arousa y Ulla,,,,
INSTITUTO FERIAL DE VIGO-IFEVI,https://www.turismo.gal/recurso/-/detalle/15955/instituto-ferial-de-vigo-ifevi?langId=es_ES&tp=95&ctre=187,"Avda. do Aeroporto, 772 36318 Vigo - Pontevedra",Grandes Recintos,Otros,+34 986 486 144,info@ifevi.com,"42º 13' 24.9"" N - 8º 38' 18.9"" W",http://www.ifevi.com/,,Camino Portugués de la costa,Acceso discapacitados | Acceso Internet | Admite tarjetas de crédito | Aire acondicionado | Alquiler de coches | Aparcamiento | Área de recepción | Azafatas | Bar-Cafetería | Fax | Fotocopiadora | Guardarropa | Hilo musical | Megafonía | Montaje de stands | Pasarela-desfile | Podiums/tarimas | Relaciones públicas | Restaurante | Sala VIP/Prensa | Salones divisibles | Servicio de catering | Servicio de Seguridad | Servicios audiovisuales | Teléfono | Traducción simultánea,Nombre | Clase | Cóctel | Restaurante | Teatro | U | Sala de Juntas | Rosalía de Castro | Nogueira Dalmas 100.00 50.00 80.00 30.00 | Hall 70.00 600.00 400.00 500.00 30.00 | Fernández del Riego 100.00 150.00 70.00 150.00 50.00 | Daniel Castelao 70.00 100.00 50.00 80.00 30.00 | Carlos Casares 100.00 150.00 70.00 150.00 50.00 | Camilo José Cela 70.00 100.00 50.00 80.00 30.00,,
INVICTUS TRAVEL,https://www.turismo.gal/recurso/-/detalle/170310000050/invictus-travel?langId=es_ES&tp=73&ctre=153,,Agencia de viajes,,,info@invictustravel.es,,,Grupo: Minorista | Tipo agencia: Casa matriz | Modalidad: Agencia de viajes on line,Ruta del Mar de Arousa y Ulla,,,,
IR E VIR VIAXES NPN,https://www.turismo.gal/recurso/-/detalle/160310000043/ir-e-vir-viaxes-npn?langId=es_ES&tp=73&ctre=153,"Ponte Dena, 14 baixo 2 36967 Meaño - Pontevedra",Agencia de viajes,,+34 886 164 850,info@irevirviaxes.com,"42º 26' 57.9"" N - 8º 48' 51.1"" W",http://www.irevirviaxes.com/,Grupo: Minorista | Tipo agencia: Casa matriz,Ruta del Mar de Arousa y Ulla,,,,
ITINERARI 3 S,https://www.turismo.gal/recurso/-/detalle/240321000397/itinerari-3-s?langId=es_ES&tp=73&ctre=153,,Agencia de viajes,,,eva@innovatur.es,,,Grupo: Mayorista-Minorista | Tipo agencia: Casa matriz | Modalidad: Agencia de viajes on line,Camino Portugués de la costa,,,,
LA TOJA TRAVEL,https://www.turismo.gal/recurso/-/detalle/xg-po-000405/la-toja-travel?langId=es_ES&tp=73&ctre=153,RÚA PERALTO A Nº 34 (HOTEL NORAT) 0 O Grove - Pontevedra,Agencia de viajes,,,,,,Grupo: Mayorista-Minorista | Tipo agencia: Casa matriz,Ruta del Mar de Arousa y Ulla,,,,
LECERTOUR VIAXES,https://www.turismo.gal/recurso/-/detalle/15875/lecertour-viaxes?langId=es_ES&tp=73&ctre=153,"RÚA SALAMANCA, 13 , nº 13 36211 Vigo - Pontevedra",Agencia de viajes,,+34 986 493 200,MARCOSGONZALEZBLANCO2@GMAIL.COM,"42º 13' 21.3"" N - 8º 43' 37.2"" W",,Grupo: Minorista | Tipo agencia: Casa matriz,Camino Portugués de la costa,,,,
LIBERTRAVEL,https://www.turismo.gal/recurso/-/detalle/160831000099/libertravel?langId=es_ES&tp=73&ctre=153,,Agencia de viajes,,+34 698 150 701,elisa.ramos@libertravel.es,,http://www.libertravel.es/,Grupo: Mayorista-Minorista | Tipo agencia: Casa matriz | Modalidad: Agencia de viajes on line,Camino Portugués | Camino Portugués de la costa,,,,
LIBERTYTRAVEL,https://www.turismo.gal/recurso/-/detalle/220808000083/libertytravel?langId=es_ES&tp=73&ctre=153,"Morales Hidalgo, nº 4 36860 Ponteareas - Pontevedra",Agencia de viajes,,,,,,Grupo: Mayorista-Minorista | Tipo agencia: Casa matriz | Modalidad: Agencias de viajes con establecimiento físico,,,,,
LOCOS POR IR A CUBA,https://www.turismo.gal/recurso/-/detalle/240718000358/locos-por-ir-a-cuba?langId=es_ES&tp=73&ctre=153,,Agencia de viajes,,,yusi@locosporiracuba.com,,https://locosporiracuba.com/,Grupo: Mayorista-Minorista | Tipo agencia: Casa matriz | Modalidad: Agencia de viajes on line,,,,,
LOS VIAJES DE HUNO,https://www.turismo.gal/recurso/-/detalle/210818000417/los-viajes-de-huno?langId=es_ES&tp=73&ctre=153,"JOAQUIN COSTA, nº 7-9 36001 Pontevedra - Pontevedra",Agencia de viajes,,,info@losviajesdehuno.com,,,Grupo: Minorista | Tipo agencia: Casa matriz | Modalidad: Agencias de viajes con establecimiento físico,Camino Portugués,,,,
LOVIAJAMOS,https://www.turismo.gal/recurso/-/detalle/231219000208/loviajamos?langId=es_ES&tp=73&ctre=153,,Agencia de viajes,,,info@loviajamos.com,,https://www.loviajamos.com/,Grupo: Mayorista-Minorista | Tipo agencia: Casa matriz | Modalidad: Agencia de viajes on line,Camino Portugués,,,,
MAR DE VIGO,https://www.turismo.gal/recurso/-/detalle/170317000103/mar-de-vigo?langId=es_ES&tp=32&ctre=185,"Avenida Beiramar, nº 59 36202 Vigo - Pontevedra",Palacio de congresos,,986 137 940,info@auditoriomardevigo.com,"42º 13' 54.2"" N - 8º 44' 02.2"" W",http://www.auditoriomardevigo.com/,,Camino Portugués de la costa,,Nombre | Superficie | Clase | Teatro | Exposición 1 1522 | Sala 7 (polivalente) 650 273 816 | Sala 5 | Sala 6 100 42 94 | Sala 3 | Sala 4 50 18 46 | Sala 1 | Sala 2 125 36 103 | Auditorio principal 1421,,
MEDIVIERTO.COM,https://www.turismo.gal/recurso/-/detalle/170310000053/medivierto.com?langId=es_ES&tp=73&ctre=153,,Agencia de viajes,,,medivierto.om@gmail.com,,http://www.medivierto.com/,Grupo: Minorista | Tipo agencia: Casa matriz | Modalidad: Agencia de viajes on line,Camino Portugués de la costa,,,,
MIS VIAJES CON PANCHO,https://www.turismo.gal/recurso/-/detalle/181211000061/mis-viajes-con-pancho?langId=es_ES&tp=73&ctre=153,"Calle Joaquín Costa, nº 10 36001 Pontevedra - Pontevedra",Agencia de viajes,,+34 986 956 683,info@misviajesconpancho.com,"42º 25' 43.7"" N - 8º 38' 28.7"" W",http://www.misviajesconpancho.com/,Grupo: Minorista | Tipo agencia: Casa matriz | Modalidad: Agencias de viajes con establecimiento físico,Camino Portugués | Camino Portugués de la costa,,,,
MIS VIAJES WEB,https://www.turismo.gal/recurso/-/detalle/280383255/mis-viajes-web?langId=es_ES&tp=73&ctre=153,,Agencia de viajes,,+34 698 184 718,misviajesweb@gmail.com,,https://www.misviajesweb.agency/,Grupo: Minorista | Tipo agencia: Casa matriz | Modalidad: Agencia de viajes on line,,,,,
MOUNTAINPICS ADVENTURES,https://www.turismo.gal/recurso/-/detalle/230104000018/mountainpics-adventures?langId=es_ES&tp=73&ctre=153,,Agencia de viajes,,,info@mountainpablo.es,,http://www.mountainpics.es/,Grupo: Minorista | Tipo agencia: Casa matriz | Modalidad: Agencia de viajes on line,Camino Portugués,,,,
MUNDENEA EXPLORA NUEVOS MUNDOS,https://www.turismo.gal/recurso/-/detalle/11150/mundenea-explora-nuevos-mundos?langId=es_ES&tp=73&ctre=153,,Agencia de viajes,,+34 986 393 948,VACACIONES_RIA@YAHOO.ES,,,Grupo: Minorista | Tipo agencia: Casa matriz | Modalidad: Agencia de viajes on line,,,,,
NAMORARTE,https://www.turismo.gal/recurso/-/detalle/181126000255/namorarte?langId=es_ES&tp=73&ctre=153,,Agencia de viajes,,,info@namorarte.gal,,http://www.namorarte.gal/,Grupo: Mayorista-Minorista | Tipo agencia: Casa matriz | Modalidad: Agencia de viajes on line,Ruta del Mar de Arousa y Ulla,,,,
NAUTALIA VIAJES,https://www.turismo.gal/recurso/-/detalle/171221000088/nautalia-viajes?langId=es_ES&tp=73&ctre=153,"Calle Arzobispo Andrade, nº 2 36600 Vilagarcía de Arousa - Pontevedra",Agencia de viajes,,+34 986 197 543,0538@nautaliaviajes.es,"42º 35' 37.4"" N - 8º 45' 57.8"" W",http://www.nautaliaviajes.com/,Grupo: Mayorista-Minorista | Tipo agencia: Sucursal de una casa matriz no de Galicia | Modalidad: Agencias de viajes con establecimiento físico,Ruta del Mar de Arousa y Ulla,,,,
NAUTALIA VIAJES,https://www.turismo.gal/recurso/-/detalle/277310408/nautalia-viajes?langId=es_ES&tp=73&ctre=153,"GRAN VÍA, 37 0 Vigo - Pontevedra",Agencia de viajes,,+34 986 190 762,0521@nautaliaviajes.es,"42º 13' 53.2"" N - 8º 43' 04.9"" W",http://www.nautaliaviajes.com/,Grupo: Mayorista-Minorista | Tipo agencia: Sucursal de una casa matriz no de Galicia,Camino Portugués de la costa,,,,
NORTH WEST OF SPAIN,https://www.turismo.gal/recurso/-/detalle/181218000154/north-west-of-spain?langId=es_ES&tp=73&ctre=153,,Agencia de viajes,,,,,http://www.northwestofspain.com/,Grupo: Mayorista-Minorista | Tipo agencia: Casa matriz | Modalidad: Agencia de viajes on line,Ruta del Mar de Arousa y Ulla,,,,
NSTRAVEL,https://www.turismo.gal/recurso/-/detalle/220110000019/nstravel?langId=es_ES&tp=73&ctre=153,"JUAN XXIII, nº 63 36980 O Grove - Pontevedra",Agencia de viajes,,+34 886 293 365,info@nstravelers.es,,https://www.instagram.com/nstravel_ogrove/,Grupo: Minorista | Tipo agencia: Casa matriz | Modalidad: Agencias de viajes con establecimiento físico,Ruta del Mar de Arousa y Ulla,,,,
NUOVA TRAVEL,https://www.turismo.gal/recurso/-/detalle/170502000007/nuova-travel?langId=es_ES&tp=73&ctre=153,"Calle Alhondiga, nº 2 36650 Caldas de Reis - Pontevedra",Agencia de viajes,,+34 986 540 817,info@nuovatravel.es,"42º 49' 06.1"" N - 8º 06' 00E-"" W",http://nuovatravel.group-team.com/,Grupo: Minorista | Tipo agencia: Casa matriz | Modalidad: Agencias de viajes con establecimiento físico,Camino Portugués | Camino Portugués de la costa,,,,
ONLY DREAMS VIAXES,https://www.turismo.gal/recurso/-/detalle/160317000110/only-dreams-viaxes?langId=es_ES&tp=73&ctre=153,"Calle Albarrán, 8-1º 36613 Vilagarcía de Arousa - Pontevedra",Agencia de viajes,,,info@onlydreams.es,,,Grupo: Mayorista-Minorista | Tipo agencia: Casa matriz,Ruta del Mar de Arousa y Ulla,,,,
ONTDEKGALICIË,https://www.turismo.gal/recurso/-/detalle/190325000238/ontdekgalicie-?langId=es_ES&tp=73&ctre=153,,Agencia de viajes,,,jorgeseren25@gmail.com,,https://ontdekgalicie.nl/,Grupo: Minorista | Tipo agencia: Casa matriz | Modalidad: Agencia de viajes on line,,,,,
OTR VIAJES,https://www.turismo.gal/recurso/-/detalle/181213000104/otr-viajes?langId=es_ES&tp=73&ctre=153,,Agencia de viajes,,,info@overtherainbow.es,,http://www.otrviajes.com/,Grupo: Mayorista-Minorista | Tipo agencia: Casa matriz | Modalidad: Agencia de viajes on line,Camino Portugués de la costa,,,,
PALACIO DE CONGRESOS Y EXPOSICIONES DE PONTEVEDRA,https://www.turismo.gal/recurso/-/detalle/15950/palacio-de-congresos-y-exposiciones-de-pontevedra?langId=es_ES&tp=32&ctre=185,"Alexandre Bóveda, s/n 36005 Pontevedra - Pontevedra",Palacio de congresos,,+34 986 833 061,coordinación@pazodacultura.org,"42º 26' 09.9"" N - 8º 38' 20.9"" W",http://www.pazodacultura.org/,,Camino Portugués | Camino Portugués de la costa,Acceso discapacitados | Acceso Internet | Aire acondicionado | Aparcamiento | Área de recepción | Audiovisuales | Bar / Cafetería | Fax | Fotocopiadora | Guardarropa | Hilo musical | Megafonía | Relaciones públicas | Restaurante | Sala de prensa | Sala VIP | Salones divisibles | Servicio de catering | Teléfono | Traducción simultánea,Nombre | Clase | Teatro | Salón de Actos | Salas (8) | Sala Reuniones | Sala de Exposiciones | Recinto Ferial 40.00 276.00 | Auditorio 100.00 772.00,,
PASAPORTE XPLORA,https://www.turismo.gal/recurso/-/detalle/231010000183/pasaporte-xplora?langId=es_ES&tp=73&ctre=153,"Calle das Pontes (Parque empresarial Porto do Molle), nº 2 36350 Nigrán - Pontevedra",Agencia de viajes,,,info@pasaportexplora.com,,http://www.pasaportexplora.com/,Grupo: Mayorista-Minorista | Tipo agencia: Casa matriz | Modalidad: Agencias de viajes con establecimiento físico,,,,,
PAZO DA PEDREIRA,https://www.turismo.gal/recurso/-/detalle/32847/pazo-da-pedreira?langId=es_ES&tp=26&ctre=186,36636 Ribadumia - Pontevedra,Instalaciones especiales,,+34 986 718 494,pazopedreira@wanadoo.es,"42º 29' 48.9"" N - 8º 47' 13.9"" W",,,Ruta del Mar de Arousa y Ulla,,,,
PAZO DE FEFIÑÁNS,https://www.turismo.gal/recurso/-/detalle/32848/pazo-de-fefinans?langId=es_ES&tp=26&ctre=186,Praza de Fefiñáns 36630 Cambados - Pontevedra,Instalaciones especiales,,+34 986 524 877,info@pazodefefinans.com,"42º 31' 13.4"" N - 8º 48' 42.0"" W",http://www.pazodefefinans.com/,,Ruta del Mar de Arousa y Ulla,,,,
PAZO DE OCA,https://www.turismo.gal/recurso/-/detalle/15958/pazo-de-oca?langId=es_ES&tp=26&ctre=186,Fund. Casa Ducal Medinacelli 36685 A Estrada - Pontevedra,Instalaciones especiales,,+34 954 225 055 / +34 986 587 435,,"42º 44' 46.0"" N - 8º 23' 42.0"" W",,,Camino de Invierno | Vía de la Plata,,Nombre | Cóctel | Salón de las Tullas 350.00 | Salón de la Torre 50.00 | Salón de la Caza 350.00 | S. de la Torre Vieja 50.00,,
PAZO DE RUBIÁNS,https://www.turismo.gal/recurso/-/detalle/15953/pazo-de-rubians?langId=es_ES&tp=26&ctre=186,"Rúa do Pazo, 7 36619 Vilagarcía de Arousa - Pontevedra",Instalaciones especiales,,+34 986 507 422,pazoderubianes@terra.es,"42º 34' 41.0"" N - 8º 43' 58.9"" W",,,Ruta del Mar de Arousa y Ulla,,Nombre | Lareira,,
PAZO DE SEÑORÁNS,https://www.turismo.gal/recurso/-/detalle/31752/pazo-de-senorans?langId=es_ES&tp=26&ctre=186,36616 Meis - Pontevedra,Instalaciones especiales,,+34 986 715 373,info@pazodesenorans.com,"42º 32' 48.9"" N - 8º 42' 32.0"" W",http://www.pazodesenorans.com/,,,,Nombre | Clase | Cóctel | Restaurante | Teatro | U | Salón Pequeño 55.00 | Salón del Balcón 55.00 32.00 | Salón de los Tapices 96.00 65.00 32.00 80.00 40.00 | Salón de la Lareira 96.00 70.00 40.00 80.00 40.00 | Salón Comedor 106.00 400.00 30.00 90.00 50.00 | S. Rey de Portugal 290.00 65.00 150.00 240.00 80.00 | Porche 106.00 110.00 40.00 90.00 50.00,,
PAZO DE URZAIZ DE CADAVAL,https://www.turismo.gal/recurso/-/detalle/15959/pazo-de-urzaiz-de-cadaval?langId=es_ES&tp=26&ctre=186,"Rúa dos Pazos, 44 36350 Nigrán - Pontevedra",Instalaciones especiales,,+34 986 460 913,info@cateringdonpepe.com,"42º 08' 58.0"" N - 8º 47' 53.9"" W",http://www.cateringdonpepe.com/,,Camino Portugués de la costa,,,,
PAZO QUINTEIRO DA CRUZ,https://www.turismo.gal/recurso/-/detalle/15960/pazo-quinteiro-da-cruz?langId=es_ES&tp=26&ctre=186,36635 Ribadumia - Pontevedra,Instalaciones especiales,,+34 619 110 806,info@pazoquinteirodacruz.es,"42º 31' 48.9"" N - 8º 43' 39.9"" W",http://www.pazoquinteirodacruz.es/,,Ruta del Mar de Arousa y Ulla,,,,
"PÍRATE DE VIAJE, S.L.",https://www.turismo.gal/recurso/-/detalle/280274614/pirate-de-viaje-s.l.?langId=es_ES&tp=73&ctre=153,"AVENDA JOSÉ CUÍÑA 6, BAIXO 0 Lalín - Pontevedra",Agencia de viajes,,+34 986 783 732,lalin@zafirotours.es,"42º 39' 50.9"" N - 8º 07' 05.5"" W",,Grupo: Minorista | Tipo agencia: Casa matriz,Camino de Invierno | Vía de la Plata,,,,
PLAN ZERO,https://www.turismo.gal/recurso/-/detalle/230522000505/plan-zero?langId=es_ES&tp=73&ctre=153,"Rúa García Olloqui, nº 4 36201 Vigo - Pontevedra",Agencia de viajes,,,hello@planzero.es,,,Grupo: Minorista | Tipo agencia: Casa matriz | Modalidad: Agencias de viajes con establecimiento físico,Camino Portugués de la costa,,,,
PLANES Y TRAVEL PONTEVEDRA,https://www.turismo.gal/recurso/-/detalle/170207000030/planes-y-travel-pontevedra?langId=es_ES&tp=73&ctre=153,,Agencia de viajes,,,reservas@planesytravel.com,,http://www.planesytravel.com/,Grupo: Minorista | Tipo agencia: Casa matriz | Modalidad: Agencia de viajes on line,Camino Portugués | Camino Portugués de la costa,,,,
PLANIFICA TRAVEL,https://www.turismo.gal/recurso/-/detalle/190625000432/planifica-travel?langId=es_ES&tp=73&ctre=153,,Agencia de viajes,,,planificatravel@viajesoda.com,,http://www.planificatravel.com/,Grupo: Minorista | Tipo agencia: Casa matriz | Modalidad: Agencia de viajes on line,Camino Portugués de la costa,,,,
PONTETUR S.L.,https://www.turismo.gal/recurso/-/detalle/258574467/pontetur-s.l.?langId=es_ES&tp=73&ctre=153,,Agencia de viajes,,+34 690 841 138,pontetur@viajespontetur.com,,,Grupo: Minorista | Tipo agencia: Casa matriz | Modalidad: Agencia de viajes on line,Camino Portugués | Camino Portugués de la costa | Ruta del Mar de Arousa y Ulla,,,,
PONTUS LINEA TOURS,https://www.turismo.gal/recurso/-/detalle/220311000209/pontus-linea-tours?langId=es_ES&tp=73&ctre=153,,Agencia de viajes,,,,,http://www.pontus.lineatours.com/,Grupo: Minorista | Tipo agencia: Casa matriz | Modalidad: Agencia de viajes on line,Camino Portugués,,,,
PRADO TOURS,https://www.turismo.gal/recurso/-/detalle/181030000290/prado-tours?langId=es_ES&tp=73&ctre=153,"Paseo de Areosa, s/n (praia de Patos) 36350 Nigrán - Pontevedra",Agencia de viajes,,,info@pradosurfescola.com,,,Grupo: Minorista | Tipo agencia: Casa matriz | Modalidad: Agencias de viajes con establecimiento físico,Camino Portugués de la costa,,,,
QWAY TRAVEL,https://www.turismo.gal/recurso/-/detalle/16161/qway-travel?langId=es_ES&tp=73&ctre=153,"O Empalme, nº 11 36990 Sanxenxo - Pontevedra",Agencia de viajes,,+34 986 746 033,administracion@circuitosgalicia.com,"42º 26' 40.9"" N - 8º 49' 39.1"" W",http://www.circuitosgalicia.com/,Grupo: Mayorista-Minorista | Tipo agencia: Casa matriz | Modalidad: Agencias de viajes con establecimiento físico,Ruta del Mar de Arousa y Ulla,,,,
REINA TOUR EXCURSIONES HOGAR,https://www.turismo.gal/recurso/-/detalle/220622000267/reina-tour-excursiones-hogar?langId=es_ES&tp=73&ctre=153,,Agencia de viajes,,,,,http://www.reinatourexcursiones.es/,Grupo: Mayorista-Minorista | Tipo agencia: Casa matriz | Modalidad: Agencia de viajes on line,,,,,
REKUNCHOS,https://www.turismo.gal/recurso/-/detalle/241010000270/rekunchos?langId=es_ES&tp=73,,Agencias de viajes,,,,,https://rekunchos.com/,Grupo: Mayorista-Minorista | Tipo agencia: Casa matriz | Modalidad: Agencia de viajes on line,Camino Portugués de la costa,,,,
RUTASGALEGRIA,https://www.turismo.gal/recurso/-/detalle/241029000552/rutasgalegria?langId=es_ES&tp=73&ctre=153,,Agencia de viajes,,,grupos@galegriaviajes.com,,http://www.rutasgalegria.com/,Grupo: Mayorista-Minorista | Tipo agencia: Casa matriz | Modalidad: Agencia de viajes on line,,,,,
SALVATURISMO GALICIA,https://www.turismo.gal/recurso/-/detalle/191028000307/salvaturismo-galicia?langId=es_ES&tp=73&ctre=153,"Calle Miño, nº 9 36450 Salvaterra de Miño - Pontevedra",Agencia de viajes,,+34 986182908,contratacion@salvaturismogalicia.es,"42º 04' 52.6"" N - 8º 30' 02.4"" W",https://www.salvaturismogalicia.es/,Grupo: Mayorista-Minorista | Tipo agencia: Casa matriz | Modalidad: Agencias de viajes con establecimiento físico,,,,,
SEDE AFUNDACIÓN VIGO,https://www.turismo.gal/recurso/-/detalle/31747/sede-afundacion-vigo?langId=es_ES&tp=95&ctre=187,"Calle Policarpo Sanz, nº 24-26 36202 Vigo - Pontevedra",Grandes Recintos,Otros,+34 986 120 078,socioculturales@afundacion.org,"42º 14' 15.0"" N - 8º 43' 20.8"" W",https://www.afundacion.org/,,Camino Portugués de la costa,,Nombre | Teatro | Sala de reuniones 22 | Sala de Conferencias 122 | Auditorio 360,,
SENDERUTA,https://www.turismo.gal/recurso/-/detalle/211028000282/senderuta?langId=es_ES&tp=73&ctre=153,,Agencia de viajes,,,SENDERUTA03@GMAIL.COM,,https://www.senderuta.es/,Grupo: Minorista | Tipo agencia: Casa matriz | Modalidad: Agencia de viajes on line,Vía de la Plata,,,,
"SIMPLY TRAVEL, S.L.U.",https://www.turismo.gal/recurso/-/detalle/280382670/simply-travel-s.l.u.?langId=es_ES&tp=73&ctre=153,"Calle Justo Martínez , nº 22 36680 A Estrada - Pontevedra",Agencia de viajes,,+34 886 153 403,info@simplytravel.es,"42º 41' 16.6"" N - 8º 29' 40.3"" W",http://www.simplytravel.es/,Grupo: Minorista | Tipo agencia: Sucursal de una casa matriz en Galicia,Camino de Invierno | Vía de la Plata,,,,
SIRENOTOUR AGENCIA DE VIAJES,https://www.turismo.gal/recurso/-/detalle/280380122/sirenotour-agencia-de-viajes?langId=es_ES&tp=73&ctre=153,"Calle Otero Pedrayo, nº 1 36880 A Cañiza - Pontevedra",Agencia de viajes,,,sirenomarviajes@gmail.com,"42º 13' 39.5"" N - 8º 42' 06.3"" W",,Grupo: Mayorista-Minorista | Tipo agencia: Casa matriz | Modalidad: Agencias de viajes con establecimiento físico,Camino Portugués de la costa,,,,
"SOÑANDO ORGANIZACIÓN VIAJES, S.L.",https://www.turismo.gal/recurso/-/detalle/36533/sonando-organizacion-viajes-s.l.?langId=es_ES&tp=73&ctre=153,,Agencia de viajes,,+34 986 604 329,info@sonandoviajes.com,,http://www.sonandoviajes.com/,Grupo: Mayorista-Minorista | Tipo agencia: Casa matriz | Modalidad: Agencia de viajes on line,Camino Portugués,,,,
SPLAINN TRAVEL,https://www.turismo.gal/recurso/-/detalle/230329000622/splainn-travel?langId=es_ES&tp=73&ctre=153,,Agencia de viajes,,,administracion@splainn.com,,http://www.splainn.com/,Grupo: Mayorista-Minorista | Tipo agencia: Casa matriz | Modalidad: Agencia de viajes on line,Ruta del Mar de Arousa y Ulla,,,,
SWEET TRAVEL GALLERY,https://www.turismo.gal/recurso/-/detalle/160831000101/sweet-travel-gallery?langId=es_ES&tp=73&ctre=153,,Agencia de viajes,,+34 682 607 895,info@sweettravelgallery.com,,http://www.sweettravelgallery.com/,Grupo: Minorista | Tipo agencia: Casa matriz | Modalidad: Agencia de viajes on line,Camino Portugués de la costa,,,,
TEATRO AFUNDACIÓN VIGO,https://www.turismo.gal/recurso/-/detalle/15954/teatro-afundacion-vigo?langId=es_ES&tp=95&ctre=187,"Calle Policarpo Sansz, nº 13 36202 Vigo - Pontevedra",Grandes Recintos,Otros,+34 986 447 369,socioculturales@afundacion.org,"42º 14' 16.0"" N - 8º 43' 21.9"" W",https://www.afundacion.org/,,Camino Portugués de la costa,Área de exposiciones | Área de recepción | Bar-Cafetería | Biblioteca | Megafonía | Pasarela-desfile | Pizarra de papel | Podiums | Proyectores | Salón de recepciones | Servicio de catering | Tablones de anuncios | Traducción simultánea | Vídeo,Nombre | Teatro | Sala de Conferencias 175.00 | Sala de Conciertos 1116.00 | Aula de Seminario 4 21.00 | Aula de Seminario 3 15.00 | Aula de Seminario 2 63.00 | Aula de Seminario 1 31.00 | Auditorio 500.00,,
TEATRO PRINCIPAL PONTEVEDRA,https://www.turismo.gal/recurso/-/detalle/15951/teatro-principal-pontevedra?langId=es_ES&tp=95&ctre=187,"Charino, s/n 36001 Pontevedra - Pontevedra",Grandes Recintos,Otros,+34 986 851 932,coordinación@pazodacultura.org,"42º 25' 57.0"" N - 8º 38' 45.9"" W",http://www.pazodacultura.org/,,Camino Portugués | Camino Portugués de la costa,Acceso discapacitados | Aire acondicionado | Área de recepción | Fax | Guardarropa | Megafonía | Proyección de cine | Relaciones públicas | Salones divisibles | Teléfono,Nombre | Teatro | Auditorio 434.00,,
TEE TRAVEL,https://www.turismo.gal/recurso/-/detalle/17094/tee-travel?langId=es_ES&tp=73&ctre=153,"RÚA AGUSTÍN ROMERO, 50 36600 Vilagarcía de Arousa - Pontevedra",Agencia de viajes,,+34 986 565 026,info@tee-travel.com,"42º 35' 19.7"" N - 8º 45' 53.3"" W",https://www.tee-travel.com/,Grupo: Mayorista-Minorista | Tipo agencia: Casa matriz,Ruta del Mar de Arousa y Ulla,,,Catas de vino | Regalo | Visitas guiadas,
TERRA VIAXES,https://www.turismo.gal/recurso/-/detalle/280376112/terra-viaxes?langId=es_ES&tp=73&ctre=153,"JAVIER PUIG LLAMAS, 7 BAIXO 36001 Pontevedra - Pontevedra",Agencia de viajes,,+34 986 845 623,erikapsenra@hotmail.com,"42º 25' 49.3"" N - 8º 38' 19.2"" W",,Grupo: Minorista | Tipo agencia: Casa matriz,Camino Portugués | Camino Portugués de la costa,,,,
THE ASIAN CONTINENT,https://www.turismo.gal/recurso/-/detalle/279799427/the-asian-continent?langId=es_ES&tp=73&ctre=153,"AREAL, nº 42 36201 Vigo - Pontevedra",Agencia de viajes,,+34 986 443 322,bpozo@theasiancontinent.com,"42º 14' 16.9"" N - 8º 43' 06.4"" W",,Grupo: Mayorista | Tipo agencia: Sucursal de una casa matriz no de Galicia,Camino Portugués de la costa,,,,
THE MOOD TRAVEL,https://www.turismo.gal/recurso/-/detalle/240416000294/the-mood-travel?langId=es_ES&tp=73&ctre=153,"Calle Alvaro Cunqueiro, nº 24 36211 Vigo - Pontevedra",Agencia de viajes,,,INFO@THEMOODTRAVEL.COM,,,Grupo: Minorista | Tipo agencia: Casa matriz | Modalidad: Agencias de viajes con establecimiento físico,Camino Portugués de la costa,,,,
THE VIP TOURS,https://www.turismo.gal/recurso/-/detalle/190911000055/the-vip-tours?langId=es_ES&tp=73&ctre=153,,Agencia de viajes,,,leandrogaldinodossantos@gmail.com,,http://www.theviptours.com/,Grupo: Mayorista-Minorista | Tipo agencia: Casa matriz | Modalidad: Agencia de viajes on line,Camino Portugués de la costa,,,,
TIEMPOVIAJE BY TOURISTIMES,https://www.turismo.gal/recurso/-/detalle/180226000259/tiempoviaje-by-touristimes?langId=es_ES&tp=73&ctre=153,,Agencia de viajes,,,info@tiempoviaje.com,,http://www.tiempoviaje.com/,Grupo: Mayorista-Minorista | Tipo agencia: Casa matriz | Modalidad: Agencia de viajes on line,,,,,
TINTILAN,https://www.turismo.gal/recurso/-/detalle/240226000444/tintilan?langId=es_ES&tp=73&ctre=153,,Agencia de viajes,,,info@tintilan.es,,http://www.tintilan.es/,Grupo: Mayorista-Minorista | Tipo agencia: Casa matriz | Modalidad: Agencia de viajes on line,Ruta del Mar de Arousa y Ulla,,,,
TOUR SPAIN TRAVEL,https://www.turismo.gal/recurso/-/detalle/280383254/tour-spain-travel-?langId=es_ES&tp=73&ctre=153,"Avenida do Outeiro, nº 20 36995 Poio - Pontevedra",Agencia de viajes,,+34 986 729 900,LABORAL@LABORSENN.ES,,,Grupo: Mayorista | Tipo agencia: Casa matriz,,,,,
TRAVELVIGO,https://www.turismo.gal/recurso/-/detalle/277294823/travelvigo?langId=es_ES&tp=73&ctre=153,RUA LEÓN 17 BAIXO 0 Vigo - Pontevedra,Agencia de viajes,,+34 886 142 908,reservas@travelvigo.com,"42º 13' 54.6"" N - 8º 42' 17.8"" W",https://www.travelvigo.com/,Grupo: Minorista | Tipo agencia: Casa matriz,Camino Portugués de la costa,,,,
TRIP LOVERS,https://www.turismo.gal/recurso/-/detalle/240424000465/trip-lovers?langId=es_ES&tp=73&ctre=153,,Agencia de viajes,,,triploverstours@gmail.com,,https://triplovers.es/,Grupo: Mayorista-Minorista | Tipo agencia: Casa matriz | Modalidad: Agencia de viajes on line,Camino Portugués,,,,
TROULANDA,https://www.turismo.gal/recurso/-/detalle/240904000032/troulanda?langId=es_ES&tp=73&ctre=153,,Agencia de viajes,,+34 986 415 444,hola@troulanda.com,,https://troulanda.com/,Grupo: Mayorista-Minorista | Tipo agencia: Casa matriz | Modalidad: Agencia de viajes on line,Camino Portugués de la costa,,,,
TURATLÁNTICA VIAJES,https://www.turismo.gal/recurso/-/detalle/37638/turatlantica-viajes?langId=es_ES&tp=73&ctre=153,"AVDA. FLORIDA, 55 36210 Vigo - Pontevedra",Agencia de viajes,,+34 986 236 915,info@turatlantica.com,"42º 13' 03.6"" N - 8º 44' 13.2"" W",,Grupo: Minorista | Tipo agencia: Casa matriz,Camino Portugués de la costa,,,,
TURIDOVE,https://www.turismo.gal/recurso/-/detalle/210910000164/turidove?langId=es_ES&tp=73&ctre=153,,Agencia de viajes,,,administracion@turidove.com,,http://www.turidove.com/,Grupo: Mayorista-Minorista | Tipo agencia: Casa matriz | Modalidad: Agencia de viajes on line,Ruta del Mar de Arousa y Ulla,,,,
TURISA GALICIA,https://www.turismo.gal/recurso/-/detalle/190503000014/turisa-galicia?langId=es_ES&tp=73&ctre=153,,Agencia de viajes,,,info@turisagalicia.es,,http://www.turisagalicia.es/,Grupo: Minorista | Tipo agencia: Casa matriz | Modalidad: Agencia de viajes on line,Camino de Invierno | Vía de la Plata,,,,
TURISTEILA GROUP SL,https://www.turismo.gal/recurso/-/detalle/xg-po-000447/turisteila-group-sl?langId=es_ES&tp=73&ctre=153,,Agencia de viajes,,+34 697 220 341,,,http://www.tours4cruisers.com/,Grupo: Minorista | Tipo agencia: Casa matriz | Modalidad: Agencia de viajes on line,Camino Portugués de la costa,,,,
V IAJES TERMAS,https://www.turismo.gal/recurso/-/detalle/280367636/v-iajes-termas?langId=es_ES&tp=73&ctre=153,,Agencia de viajes,,+34 986 532 525,,,,Grupo: Mayorista-Minorista | Tipo agencia: Casa matriz | Modalidad: Agencia de viajes on line,,,,,
"VÍA SOL TURS, S.L",https://www.turismo.gal/recurso/-/detalle/xg-po-000193/via-sol-turs-s.l?langId=es_ES&tp=73&ctre=153,"SANTO DOMINGO, 7 0 Vigo - Pontevedra",Agencia de viajes,,,,,,Grupo: Minorista | Tipo agencia: Casa matriz,Camino Portugués de la costa,,,,
VIAJES 365 DÍAS,https://www.turismo.gal/recurso/-/detalle/259675555/viajes-365-dias?langId=es_ES&tp=73&ctre=153,"Sagasta, nº 16 36001 Pontevedra - Pontevedra",Agencia de viajes,,+34 661 418 636,viajes@viajes365dias.com,"42º 25' 48.9"" N - 8º 38' 40.8"" W",https://www.viajes365dias.com/,Grupo: Minorista | Tipo agencia: Casa matriz,Camino Portugués | Camino Portugués de la costa,,,,
VIAJES 500 MILLAS,https://www.turismo.gal/recurso/-/detalle/170425000070/viajes-500-millas?langId=es_ES&tp=73&ctre=153,"Avenida de Vigo, nº 157 36320 Redondela - Pontevedra",Agencia de viajes,,+34 886 11 42 64,info@viajes500millas.com,"42º 16' 00.2"" N - 8º 40' 39.9"" W",https://viajes500millas.com/,Grupo: Minorista | Tipo agencia: Casa matriz | Modalidad: Agencias de viajes con establecimiento físico,Camino Portugués | Camino Portugués de la costa,,,,
VIAJES ABRAMAR,https://www.turismo.gal/recurso/-/detalle/28600/viajes-abramar?langId=es_ES&tp=73&ctre=153,PG. INDUSTRIAL A GRANXA- 260 LOCAL 2.7 0 O Porriño - Pontevedra,Agencia de viajes,,+34 986 342 522,porrino@abramar.com,"42º 06' 34.3"" N - 8º 37' 10.4"" W",http://www.abramar.com/,Grupo: Minorista | Tipo agencia: Sucursal de una casa matriz en Galicia,Camino Portugués,,,,
VIAJES AGARIMO S.L,https://www.turismo.gal/recurso/-/detalle/280380791/viajes-agarimo-s.l?langId=es_ES&tp=73&ctre=153,"XENERAL RUBÍN 21, BAIXO 0 Redondela - Pontevedra",Agencia de viajes,,+34 986 125 438,,,,Grupo: Minorista | Tipo agencia: Casa matriz,Camino Portugués | Camino Portugués de la costa,,,,
"VIAJES AIRBUS GALICIA, S.A.",https://www.turismo.gal/recurso/-/detalle/294/viajes-airbus-galicia-s.a.?langId=es_ES&tp=73&ctre=153,"PRAZA DE RIBADAVIA, 2 0 Redondela - Pontevedra",Agencia de viajes,,+34 986 401 800,isapouton@airbusgalicia.com,"42º 16' 54.9"" N - 8º 36' 33.9"" W",http://www.viajesairbus.com/,Grupo: Minorista | Tipo agencia: Casa matriz,Camino Portugués | Camino Portugués de la costa,,,,
"VIAJES AIRBÚS GALICIA, S.A.",https://www.turismo.gal/recurso/-/detalle/9657/viajes-airbus-galicia-s.a.?langId=es_ES&tp=73&ctre=153,ROSALÍA DE CASTRO 26. OFICINA 9 0 Vigo - Pontevedra,Agencia de viajes,,+34 986 432 000,grupos@airbusgalicia.com,"42º 14' 16.0"" N - 8º 43' 03.1"" W",http://www.viajesairbus.com/,Grupo: Minorista | Tipo agencia: Sucursal de una casa matriz en Galicia,Camino Portugués de la costa,,,,
"VIAJES AIRBUS, S.A.",https://www.turismo.gal/recurso/-/detalle/291/viajes-airbus-s.a.?langId=es_ES&tp=73&ctre=153,"R/ PÍO XII, 9 36415 O Porriño - Pontevedra",Agencia de viajes,,+34 986 337 777,noelia@airbusgalicia.com,"42º 09' 37.8"" N - 8º 37' 11.3"" W",http://www.viajesairbus.com/,Grupo: Minorista | Tipo agencia: Sucursal de una casa matriz en Galicia,Camino Portugués,,,,
"VIAJES ALCOTAN, S.L.",https://www.turismo.gal/recurso/-/detalle/289/viajes-alcotan-s.l.?langId=es_ES&tp=73&ctre=153,"R/ SAN JOSÉ, 2 36001 Pontevedra - Pontevedra",Agencia de viajes,,+34 986 841 050,viajesalcotan@e-savia.net,"42º 25' 44.5"" N - 8º 38' 46.1"" W",http://www.viajesalcotan.com/,Grupo: Minorista | Tipo agencia: Casa matriz,Camino Portugués | Camino Portugués de la costa,,,,
VIAJES ALL TOUR,https://www.turismo.gal/recurso/-/detalle/324/viajes-all-tour-?langId=es_ES&tp=73&ctre=153,"DOCTOR CADAVAL, nº 39 36202 Vigo - Pontevedra",Agencia de viajes,,,eduardo@blancoyvazquezconsultores.com,"42º 14' 17.4"" N - 8º 43' 28.1"" W",,Grupo: Minorista | Tipo agencia: Casa matriz,Camino Portugués de la costa,,,,
"VIAJES AMAIA, S.A.",https://www.turismo.gal/recurso/-/detalle/280378542/viajes-amaia-s.a.?langId=es_ES&tp=73&ctre=153,"Avda. das Camelias, nº 134 36211 Vigo - Pontevedra",Agencia de viajes,,+34 986 214 070,vigo@viajesamaia.com,,,Grupo: Minorista | Tipo agencia: Sucursal de una casa matriz no de Galicia,Camino Portugués de la costa,,,,
VIAJES ARANY,https://www.turismo.gal/recurso/-/detalle/32666/viajes-arany?langId=es_ES&tp=73&ctre=153,"CRUZ GALLASTEGUI, 16 GALERÍAS CENTRO AZUL 0 Pontevedra - Pontevedra",Agencia de viajes,,+34 986 102 005,viajesarany@viajesarany.com,"42º 25' 45.1"" N - 8º 38' 24.0"" W",,Grupo: Minorista | Tipo agencia: Casa matriz,Camino Portugués | Camino Portugués de la costa,,,,
"VIAJES AROSA, S.L.",https://www.turismo.gal/recurso/-/detalle/279/viajes-arosa-s.l.?langId=es_ES&tp=73&ctre=153,"R/ ALEXANDRE BÓVEDA, 10 36980 O Grove - Pontevedra",Agencia de viajes,,+34 986 730 961,csanmartin@e-savia.net,"42º 29' 37.9"" N - 8º 51' 58.7"" W",,Grupo: Minorista | Tipo agencia: Casa matriz,Ruta del Mar de Arousa y Ulla,,,,
VIAJES BARCO,https://www.turismo.gal/recurso/-/detalle/276/viajes-barco?langId=es_ES&tp=73&ctre=153,"Calle Baiona , nº 14 36940 Cangas - Pontevedra",Agencia de viajes,,+34 986 304 543,vbarco@grupoeuropa.com,"42º 15' 52.9"" N - 8º 46' 46.0"" W",,Grupo: Minorista | Tipo agencia: Casa matriz | Modalidad: Agencias de viajes con establecimiento físico,,,,,
VIAJES BEIRAMAR,https://www.turismo.gal/recurso/-/detalle/29167/viajes-beiramar-?langId=es_ES&tp=73&ctre=153,"Peregrina, nº 66 36003 Pontevedra - Pontevedra",Agencia de viajes,,+34 986 840 243,viajesbeiramar@grupogea.com,"42º 25' 40.7"" N - 8º 38' 29.7"" W",,Grupo: Minorista | Tipo agencia: Casa matriz,Camino Portugués | Camino Portugués de la costa,,,,
VIAJES BREOGÁN,https://www.turismo.gal/recurso/-/detalle/160921000045/viajes-breogan?langId=es_ES&tp=73&ctre=153,,Agencia de viajes,,,viajes@viajesbreogan.com,,http://www.viajesbreogan.com/,Grupo: Minorista | Tipo agencia: Casa matriz | Modalidad: Agencia de viajes on line,Camino Portugués de la costa,,,,
VIAJES CALVITOUR,https://www.turismo.gal/recurso/-/detalle/34786/viajes-calvitour?langId=es_ES&tp=73&ctre=153,,Agencia de viajes,,+34 660 900 309 / +34 986 890 793,viajescalvitour@gruposercom.com,,,Grupo: Minorista | Tipo agencia: Casa matriz | Modalidad: Agencia de viajes on line,,,,,
VIAJES CARBALLO GALICIA,https://www.turismo.gal/recurso/-/detalle/180306000052/viajes-carballo-galicia?langId=es_ES&tp=73&ctre=153,"Alejandro Cerecedo, 8B porta 34 36600 Vilagarcía de Arousa - Pontevedra",Agencia de viajes,,,viajescarballogalicia@hotmail.com,,https://www.viajescarballogalicia.es/,Grupo: Minorista | Tipo agencia: Casa matriz | Modalidad: Agencias de viajes con establecimiento físico,Ruta del Mar de Arousa y Ulla,,,,
VIAJES CHICHIRICA,https://www.turismo.gal/recurso/-/detalle/35863/viajes-chichirica?langId=es_ES&tp=73&ctre=153,"XOÁN CARLOS I, 3 -B 36600 Vilagarcía de Arousa - Pontevedra",Agencia de viajes,,+34 986 186 211,,"42º 35' 54.6"" N - 8º 45' 52.5"" W",,Grupo: Minorista | Tipo agencia: Casa matriz,Ruta del Mar de Arousa y Ulla,,,,
VIAJES CICELY,https://www.turismo.gal/recurso/-/detalle/270919734/viajes-cicely?langId=es_ES&tp=73&ctre=153,"PRAZA ESCULTOR XOÁN PIÑEIRO, 1 36211 Vigo - Pontevedra",Agencia de viajes,,+34 986 122 082,,"42º 13' 26.0"" N - 8º 43' 55.9"" W",,Grupo: Minorista | Tipo agencia: Casa matriz,Camino Portugués de la costa,,,,
"VIAJES CRISOL, S.A.",https://www.turismo.gal/recurso/-/detalle/xg-po-000237/viajes-crisol-s.a.?langId=es_ES&tp=73&ctre=153,"REPÚBLICA ARXENTINA, 16 0 Vigo - Pontevedra",Agencia de viajes,,,,,,Grupo: Minorista | Tipo agencia: Sucursal de una casa matriz no de Galicia,Camino Portugués de la costa,,,,
"VIAJES CRISOL, S.A.",https://www.turismo.gal/recurso/-/detalle/xg-po-000293/viajes-crisol-s.a.?langId=es_ES&tp=73&ctre=153,"GRAN VIA, Nº 31 0 Vigo - Pontevedra",Agencia de viajes,,,,,,Grupo: Minorista | Tipo agencia: Sucursal de una casa matriz no de Galicia,Camino Portugués de la costa,,,,
VIAJES DARIO,https://www.turismo.gal/recurso/-/detalle/260245757/viajes-dario?langId=es_ES&tp=73&ctre=153,"Paseo de Colón , nº 12 36002 Pontevedra - Pontevedra",Agencia de viajes,,+34 986 861 543,dario@viajesdario.com,"42º 25' 50.9"" N - 8º 39' 04.3"" W",,Grupo: Minorista | Tipo agencia: Casa matriz,Camino Portugués | Camino Portugués de la costa,,,,
VIAJES DESTINA VIGO,https://www.turismo.gal/recurso/-/detalle/171219000080/viajes-destina-vigo?langId=es_ES&tp=73&ctre=153,"HISPANIDAD, nº 55 36203 Vigo - Pontevedra",Agencia de viajes,,+34 986 334 138,promocioneschega@gmail.com,,,Grupo: Minorista | Tipo agencia: Casa matriz | Modalidad: Agencias de viajes con establecimiento físico,Camino Portugués de la costa,,,,
"VIAJES DEZA, S. L.",https://www.turismo.gal/recurso/-/detalle/15764/viajes-deza-s.-l.?langId=es_ES&tp=73&ctre=153,"RÚA ALMUIÑA, 12 36900 Marín - Pontevedra",Agencia de viajes,,+34 986 838 084,viajesdeza@viajesdeza.com,"42º 23' 35.0"" N - 8º 42' 10.0"" W",https://www.viajesdeza.com/,Grupo: Minorista | Tipo agencia: Sucursal de una casa matriz en Galicia,,,,,
"VIAJES DEZA, S.L.",https://www.turismo.gal/recurso/-/detalle/286/viajes-deza-s.l.?langId=es_ES&tp=73&ctre=153,"Calle Michelena, nº 25 36002 Pontevedra - Pontevedra",Agencia de viajes,,+34 986 850 462,viajesdeza@viajesdeza.com,"42º 25' 53.3"" N - 8º 38' 46.3"" W",https://www.viajesdeza.com/,Grupo: Minorista | Tipo agencia: Casa matriz,Camino Portugués | Camino Portugués de la costa,,,,
"VIAJES EL CORTE INGLÉS, S. A.",https://www.turismo.gal/recurso/-/detalle/15783/viajes-el-corte-ingles-s.-a.?langId=es_ES&tp=73&ctre=153,"PRAZA DA PEREGRINA, 1 - 1.º 36001 Pontevedra - Pontevedra",Agencia de viajes,,+34 986 848 177,pontevedra@viajeseci.es,"42º 25' 49.9"" N - 8º 38' 37.6"" W",http://www.viajeselcorteingles.es/,Grupo: Mayorista-Minorista | Tipo agencia: Sucursal de una casa matriz no de Galicia,Camino Portugués | Camino Portugués de la costa,,,,
"VIAJES EL CORTE INGLÉS, S. A.",https://www.turismo.gal/recurso/-/detalle/292/viajes-el-corte-ingles-s.-a.?langId=es_ES&tp=73&ctre=153,"RÚA RAMÓN GONZÁLEZ, 29 36400 O Porriño - Pontevedra",Agencia de viajes,,+34 986 335 534,porrino@viajeseci.es,"42º 09' 40.1"" N - 8º 37' 15.3"" W",http://www.viajeselcorteingles.es/,Grupo: Mayorista-Minorista | Tipo agencia: Sucursal de una casa matriz no de Galicia,Camino Portugués,,,,
"VIAJES EL CORTE INGLÉS, S. A.",https://www.turismo.gal/recurso/-/detalle/xg-po-000051/viajes-el-corte-ingles-s.-a.?langId=es_ES&tp=73&ctre=153,"Calle Venezuela , nº 17 36203 Vigo - Pontevedra",Agencia de viajes,,,,,,Grupo: Mayorista-Minorista | Tipo agencia: Sucursal de una casa matriz no de Galicia,Camino Portugués de la costa,,,,
"VIAJES EL CORTE INGLÉS, S. A.",https://www.turismo.gal/recurso/-/detalle/xg-po-000167/viajes-el-corte-ingles-s.-a.?langId=es_ES&tp=73&ctre=153,"AVDA. DAS CAMELIAS, 119 36211 Vigo - Pontevedra",Agencia de viajes,,,,,,Grupo: Mayorista-Minorista | Tipo agencia: Sucursal de una casa matriz no de Galicia,Camino Portugués de la costa,,,,
"VIAJES EL CORTE INGLÉS, S.A",https://www.turismo.gal/recurso/-/detalle/31989/viajes-el-corte-ingles-s.a?langId=es_ES&tp=73&ctre=153,"VICENTE RISCO, 1 0 Vilagarcía de Arousa - Pontevedra",Agencia de viajes,,+34 986 565 182,vilagarcia@viajeseci.es,"42º 35' 36.0"" N - 8º 45' 57.4"" W",http://www.viajeselcorteingles.es/,Grupo: Mayorista-Minorista | Tipo agencia: Sucursal de una casa matriz no de Galicia,Ruta del Mar de Arousa y Ulla,,,,
"VIAJES EL CORTE INGLÉS, S.A.",https://www.turismo.gal/recurso/-/detalle/xg-po-000052/viajes-el-corte-ingles-s.a.?langId=es_ES&tp=73&ctre=153,"R/ GRAN VÍA, 25 36204 Vigo - Pontevedra",Agencia de viajes,,,,,,Grupo: Mayorista-Minorista | Tipo agencia: Sucursal de una casa matriz no de Galicia,Camino Portugués de la costa,,,,
"VIAJES EL CORTE INGLÉS, S.A.",https://www.turismo.gal/recurso/-/detalle/xg-po-000141/viajes-el-corte-ingles-s.a.?langId=es_ES&tp=73&ctre=153,"RÚA ECUADOR, 77 36204 Vigo - Pontevedra",Agencia de viajes,,,,"42º 13' 54.7"" N - 8º 42' 59.6"" W",,Grupo: Mayorista-Minorista | Tipo agencia: Sucursal de una casa matriz no de Galicia,Camino Portugués de la costa,,,,
"VIAJES EL CORTE INGLÉS, SA",https://www.turismo.gal/recurso/-/detalle/211230000221/viajes-el-corte-ingles-sa?langId=es_ES&tp=73&ctre=153,"Estación, nº 1 36201 Vigo - Pontevedra",Agencia de viajes,,,notificaciones@elcorteingles.es,,,Grupo: Mayorista-Minorista | Tipo agencia: Sucursal de una casa matriz no de Galicia | Modalidad: Agencias de viajes con establecimiento físico,Camino Portugués de la costa,,,,
VIAJES ESTYSOL,https://www.turismo.gal/recurso/-/detalle/280381845/viajes-estysol?langId=es_ES&tp=73&ctre=153,LUGAR DE VINQUIÑO 25 36969 Sanxenxo - Pontevedra,Agencia de viajes,,+34 986 724 484,estysolgalicia@viajesestysol.c,,,Grupo: Minorista | Tipo agencia: Sucursal de una casa matriz no de Galicia,Ruta del Mar de Arousa y Ulla,,,,
"VIAJES FISTERRA, S.L.",https://www.turismo.gal/recurso/-/detalle/296/viajes-fisterra-s.l.?langId=es_ES&tp=73&ctre=153,"Calle Ourense (edificio Mourigada), 24 baixo 12 36960 Sanxenxo - Pontevedra",Agencia de viajes,,+34 986 724 102,info@interrias.com,"42º 24' 07.1"" N - 8º 48' 35.6"" W",http://www.interrias.com/,Grupo: Mayorista-Minorista | Tipo agencia: Casa matriz,Ruta del Mar de Arousa y Ulla,,,,
VIAJES GALICIES,https://www.turismo.gal/recurso/-/detalle/191025000291/viajes-galicies?langId=es_ES&tp=73&ctre=153,,Agencia de viajes,,,info@viajesgalicies.es,,http://www.viajesgalicies.es/,Grupo: Minorista | Tipo agencia: Casa matriz | Modalidad: Agencia de viajes on line,,,,,
VIAJES HALCÓN,https://www.turismo.gal/recurso/-/detalle/161221000040/viajes-halcon?langId=es_ES&tp=73&ctre=153,"Calle Concepción Arenal, nº 92 36950 Moaña - Pontevedra",Agencia de viajes,,,,,,Grupo: Mayorista-Minorista | Tipo agencia: Sucursal de una casa matriz no de Galicia | Modalidad: Agencias de viajes con establecimiento físico,,,,,
VIAJES HALCÓN,https://www.turismo.gal/recurso/-/detalle/261055377/viajes-halcon?langId=es_ES&tp=73&ctre=153,GRAN VIA 35 36204 Vigo - Pontevedra,Agencia de viajes,,+34 986 485 402,,"42º 13' 53.2"" N - 8º 43' 04.1"" W",,Grupo: Mayorista-Minorista | Tipo agencia: Sucursal de una casa matriz no de Galicia,Camino Portugués de la costa,,,,
VIAJES HALCÓN,https://www.turismo.gal/recurso/-/detalle/280365549/viajes-halcon?langId=es_ES&tp=73&ctre=153,"R/ FRANCISCO REY RIVERO, Nº 4 0 Vilanova de Arousa - Pontevedra",Agencia de viajes,,+34 986 554 910,halcon567@halcon-viajes.es,"42º 33' 47.8"" N - 8º 49' 30.8"" W",http://www.halcon-viajes.es/,Grupo: Mayorista-Minorista | Tipo agencia: Sucursal de una casa matriz no de Galicia,Ruta del Mar de Arousa y Ulla,,,,
VIAJES HALCÓN,https://www.turismo.gal/recurso/-/detalle/280377235/viajes-halcon?langId=es_ES&tp=73&ctre=153,"PAZOS FONTENLA, 47 0 Bueu - Pontevedra",Agencia de viajes,,+34 986 324 490,halcons59@halcon-viajes.es,"42º 19' 31.5"" N - 8º 47' 08.5"" W",,Grupo: Mayorista-Minorista | Tipo agencia: Sucursal de una casa matriz no de Galicia,,,,,
VIAJES HALCÓN,https://www.turismo.gal/recurso/-/detalle/280383251/viajes-halcon?langId=es_ES&tp=73&ctre=153,"MARTÍN ECHEGARAY, 28 36209 Vigo - Pontevedra",Agencia de viajes,,+34 986 241 513,halconq87@halcon-viajes.es,,,Grupo: Mayorista-Minorista | Tipo agencia: Sucursal de una casa matriz no de Galicia,Camino Portugués de la costa,,,,
VIAJES HALCÓN,https://www.turismo.gal/recurso/-/detalle/4273/viajes-halcon?langId=es_ES&tp=73&ctre=153,"R/ DOMINGO BUENO, 4 36400 O Porriño - Pontevedra",Agencia de viajes,,+34 986 337 641,halcon055@halcon-viajes.es,"42º 09' 39.7"" N - 8º 37' 09.9"" W",http://www.halconviajes.com/,Grupo: Mayorista-Minorista | Tipo agencia: Sucursal de una casa matriz no de Galicia,Camino Portugués,,,,
VIAJES HALCÓN,https://www.turismo.gal/recurso/-/detalle/5612/viajes-halcon?langId=es_ES&tp=73&ctre=153,"R/ WENCESLAO CALVO GARRA, 3 36500 Lalín - Pontevedra",Agencia de viajes,,+34 986 784 759,halcon422@halcon-viajes.es,"42º 39' 43.0"" N - 8º 06' 41.1"" W",http://www.halconviajes.com/,Grupo: Mayorista-Minorista | Tipo agencia: Sucursal de una casa matriz no de Galicia,Camino de Invierno | Vía de la Plata,,,,
VIAJES HALCÓN,https://www.turismo.gal/recurso/-/detalle/xg-po-000116/viajes-halcon?langId=es_ES&tp=73&ctre=153,"PRAZA DA INDEPENDENCIA, 3 36202 Vigo - Pontevedra",Agencia de viajes,,,,,,Grupo: Mayorista-Minorista | Tipo agencia: Sucursal de una casa matriz no de Galicia,Camino Portugués de la costa,,,,
VIAJES HALCÓN,https://www.turismo.gal/recurso/-/detalle/xg-po-000383/viajes-halcon?langId=es_ES&tp=73&ctre=153,"RÚA CORUÑA, 26 0 Vigo - Pontevedra",Agencia de viajes,,,,,,Grupo: Mayorista-Minorista | Tipo agencia: Sucursal de una casa matriz no de Galicia,Camino Portugués de la costa,,,,
VIAJES HALCÓN,https://www.turismo.gal/recurso/-/detalle/xg-po-000440/viajes-halcon?langId=es_ES&tp=73&ctre=153,"PRAZA SAN JOSÉ, 1 0 Pontevedra - Pontevedra",Agencia de viajes,,,,,,Grupo: Mayorista-Minorista | Tipo agencia: Sucursal de una casa matriz no de Galicia,Camino Portugués | Camino Portugués de la costa,,,,
"VIAJES LIRA, S.L.",https://www.turismo.gal/recurso/-/detalle/332/viajes-lira-s.l.?langId=es_ES&tp=73&ctre=153,"ROSALÍA DE CASTRO, 42 - BAIXO 36201 Vigo - Pontevedra",Agencia de viajes,,+34 986 434 345,info@viajeslira.com,"42º 14' 15.6"" N - 8º 43' 01.0"" W",http://www.viajeslira.com/,Grupo: Minorista | Tipo agencia: Casa matriz,Camino Portugués de la costa,,,,
VIAJES LÚA,https://www.turismo.gal/recurso/-/detalle/33268/viajes-lua?langId=es_ES&tp=73&ctre=153,"Avenida de Marín, nº 25 36930 Bueu - Pontevedra",Agencia de viajes,,+34 986 390 049,mvmasesoriabueu@gmail.com,"42º 19' 40.6"" N - 8º 46' 47.2"" W",,Grupo: Minorista | Tipo agencia: Casa matriz,,,,,
VIAJES LUAMAR,https://www.turismo.gal/recurso/-/detalle/315/viajes-luamar?langId=es_ES&tp=73&ctre=153,"AVDA. GARCÍA BARBÓN, 54 ENTRECHÁN A 0 Vigo - Pontevedra",Agencia de viajes,,+34 986 222 022,luamar@luamar.com,"42º 14' 12.1"" N - 8º 42' 49.8"" W",http://www.luamar.com/,Grupo: Mayorista-Minorista | Tipo agencia: Casa matriz | Modalidad: Agencias de viajes con establecimiento físico,Camino Portugués de la costa,,,,
VIAJES LYLA,https://www.turismo.gal/recurso/-/detalle/280377234/viajes-lyla?langId=es_ES&tp=73&ctre=153,"ESTRADA PORTOCABEIO, 22 BAIXO 0 Redondela - Pontevedra",Agencia de viajes,,+34 986 486 458,info@viajeslyla.es,"42º 14' 38.0"" N - 8º 37' 42.7"" W",,Grupo: Minorista | Tipo agencia: Casa matriz,Camino Portugués | Camino Portugués de la costa,,,,
VIAJES MARGALI,https://www.turismo.gal/recurso/-/detalle/31714/viajes-margali?langId=es_ES&tp=73&ctre=153,"Calle Ecuador, nº 14 36203 Vigo - Pontevedra",Agencia de viajes,,,viajesmargali@viajesmargali.com,"42º 13' 58.6"" N - 8º 43' 05.8"" W",http://www.viajesmargali.com/,Grupo: Mayorista-Minorista | Tipo agencia: Casa matriz | Modalidad: Agencias de viajes con establecimiento físico,Camino Portugués de la costa,,,,
VIAJES MARLUSA,https://www.turismo.gal/recurso/-/detalle/xg-po-000119/viajes-marlusa?langId=es_ES&tp=73&ctre=153,"TRAVESÍA DE VIGO, 13 36206 Vigo - Pontevedra",Agencia de viajes,,,,,,Grupo: Minorista | Tipo agencia: Casa matriz,Camino Portugués de la costa,,,,
VIAJES MILLAN,https://www.turismo.gal/recurso/-/detalle/36415/viajes-millan?langId=es_ES&tp=73&ctre=153,"CAPELA, nº 10 36636 Ribadumia - Pontevedra",Agencia de viajes,,+34 986 716 343,administracion@viajesmillan.com,"42º 30' 05.2"" N - 8º 46' 09.2"" W",,Grupo: Minorista | Tipo agencia: Casa matriz,Ruta del Mar de Arousa y Ulla,,,,
VIAJES OCEANO TOURS,https://www.turismo.gal/recurso/-/detalle/250721000467/viajes-oceano-tours?langId=es_ES&tp=73,"Avenida Pizarro, nº 44 36204 Vigo - Pontevedra",Agencias de viajes,,,isaacouzandes@gmail.com,,,Grupo: Mayorista-Minorista | Tipo agencia: Casa matriz | Modalidad: Agencias de viajes con establecimiento físico,,,,,
VIAJES P TRAVEL,https://www.turismo.gal/recurso/-/detalle/190403000042/viajes-p-travel?langId=es_ES&tp=73&ctre=153,Polígono industrial de Lalín 2000 - parcela P 2 - nave 3 36500 Lalín - Pontevedra,Agencia de viajes,,,info@autocarespresas.com,,,Grupo: Minorista | Tipo agencia: Casa matriz | Modalidad: Agencias de viajes con establecimiento físico,Camino de Invierno | Vía de la Plata,,,,
"VIAJES PLANSTURTUI, S.L.",https://www.turismo.gal/recurso/-/detalle/265263254/viajes-plansturtui-s.l.?langId=es_ES&tp=73&ctre=153,"Calle Calvo Sotelo, nº 20 36700 Tui - Pontevedra",Agencia de viajes,,+34 986 610 353,tui@planstur.com,"42º 02' 12.0"" N - 8º 39' 38.0"" W",,Grupo: Minorista | Tipo agencia: Casa matriz,Camino Portugués,,,,
VIAJES PONTUS VETERIS,https://www.turismo.gal/recurso/-/detalle/180115000108/viajes-pontus-veteris?langId=es_ES&tp=73&ctre=153,"Calle Peregrina, nº 14 36001 Pontevedra - Pontevedra",Agencia de viajes,,,viajespontusveteris@gmail.com,,,Grupo: Minorista | Tipo agencia: Casa matriz | Modalidad: Agencias de viajes con establecimiento físico,Camino Portugués | Camino Portugués de la costa,,,,
"VIAJES QUENLLA, S.L.",https://www.turismo.gal/recurso/-/detalle/xg-po-000080/viajes-quenlla-s.l.?langId=es_ES&tp=73&ctre=153,"Rúa Areal, nº 42 36201 Vigo - Pontevedra",Agencia de viajes,,,,,http://www.quenlla.com/,Grupo: Minorista | Tipo agencia: Casa matriz,Camino Portugués de la costa,,,,
VIAJES RASCADO MARÍN,https://www.turismo.gal/recurso/-/detalle/150721000102/viajes-rascado-marin?langId=es_ES&tp=73&ctre=153,"Plaza Praza de España, nº 1 36900 Marín - Pontevedra",Agencia de viajes,,+34 986 884 064,marin@viajesrascado.com,,,Grupo: Minorista | Tipo agencia: Casa matriz,,,,,
"VIAJES RASCADO, S.L.U.",https://www.turismo.gal/recurso/-/detalle/283/viajes-rascado-s.l.u.?langId=es_ES&tp=73&ctre=153,"Calle Peregrina, nº 33 36003 Pontevedra - Pontevedra",Agencia de viajes,,+34 986 853 006,administracion@viajesrascado.com,"42º 25' 50.5"" N - 8º 38' 46.7"" W",http://www.viajesrascado.com/,Grupo: Mayorista-Minorista | Tipo agencia: Casa matriz | Modalidad: Agencias de viajes con establecimiento físico,Camino Portugués | Camino Portugués de la costa,,,,
VIAJES RUTA NORTE,https://www.turismo.gal/recurso/-/detalle/211122000179/viajes-ruta-norte-?langId=es_ES&tp=73&ctre=153,,Agencia de viajes,,,viajesrutanorte@gmail.com,,https://viajesrutanorte.group-team.com/,Grupo: Mayorista-Minorista | Tipo agencia: Casa matriz | Modalidad: Agencia de viajes on line,Ruta del Mar de Arousa y Ulla,,,,
VIAJES SALNES,https://www.turismo.gal/recurso/-/detalle/16316/viajes-salnes?langId=es_ES&tp=73&ctre=153,"A LANZADA, nº 32 36970 Sanxenxo - Pontevedra",Agencia de viajes,,+34 986 104 824,,"42º 24' 21.6"" N - 8º 51' 08.7"" W",http://www.reservassanxenxo.com/,Grupo: Mayorista-Minorista | Tipo agencia: Casa matriz,Ruta del Mar de Arousa y Ulla,,,Regalo | Visitas guiadas,50
"VIAJES SAMPAIO, S.L.",https://www.turismo.gal/recurso/-/detalle/277/viajes-sampaio-s.l.?langId=es_ES&tp=73&ctre=153,"PEREGRINA, 6 - BAIXO 36680 A Estrada - Pontevedra",Agencia de viajes,,+34 986 570 404,,"42º 41' 22.9"" N - 8º 29' 29.9"" W",,Grupo: Minorista | Tipo agencia: Casa matriz,Camino de Invierno | Vía de la Plata,,,,
VIAJES SANTI,https://www.turismo.gal/recurso/-/detalle/170220000062/viajes-santi?langId=es_ES&tp=73&ctre=153,,Agencia de viajes,,,info@viajessanti.com,,http://www.viajessanti.com/,Grupo: Minorista | Tipo agencia: Casa matriz | Modalidad: Agencia de viajes on line,,,,,
VIAJES ST SANXENXO,https://www.turismo.gal/recurso/-/detalle/35893/viajes-st-sanxenxo?langId=es_ES&tp=73&ctre=153,"CARBALLEIRA, 15 - B EDIFICIO A XUVENTUDE 36630 Cambados - Pontevedra",Agencia de viajes,,+34 986 524 520,,"42º 30' 54.6"" N - 8º 48' 45.3"" W",,Grupo: Minorista | Tipo agencia: Casa matriz,Ruta del Mar de Arousa y Ulla,,,,
VIAJES SUSAVILA,https://www.turismo.gal/recurso/-/detalle/240305000066/viajes-susavila?langId=es_ES&tp=73&ctre=153,"Calle San Antón, nº 22 36680 A Estrada - Pontevedra",Agencia de viajes,,,info@viajessusavila.com,,,Grupo: Minorista | Tipo agencia: Sucursal de una casa matriz en Galicia | Modalidad: Agencias de viajes con establecimiento físico,Vía de la Plata,,,,
VIAJES SUSAVILA,https://www.turismo.gal/recurso/-/detalle/240507000135/viajes-susavila?langId=es_ES&tp=73&ctre=153,"Calle San Luis, nº 7 36640 Pontecesures - Pontevedra",Agencia de viajes,,,INFO@VIAJESSUSAVILA.COM,,,Grupo: Minorista | Tipo agencia: Sucursal de una casa matriz en Galicia | Modalidad: Agencias de viajes con establecimiento físico,Camino Portugués | Ruta del Mar de Arousa y Ulla,,,,
VIAJES TALIÓN,https://www.turismo.gal/recurso/-/detalle/280381194/viajes-talion?langId=es_ES&tp=73&ctre=153,"Calle José Regojo, nº 31 36800 Redondela - Pontevedra",Agencia de viajes,,+34 986 931 753,talion@viajestalion.com,,,Grupo: Mayorista-Minorista | Tipo agencia: Casa matriz | Modalidad: Agencias de viajes con establecimiento físico,Camino Portugués | Camino Portugués de la costa,,,,
VIAJES TRAVELMAKERS,https://www.turismo.gal/recurso/-/detalle/160322000126/viajes-travelmakers?langId=es_ES&tp=73&ctre=153,"GENARO BORRÁS, nº 2 36210 Vigo - Pontevedra",Agencia de viajes,,+34 986 913 051,s.martinez@travelmakers.es,,,Grupo: Minorista | Tipo agencia: Casa matriz,Camino Portugués de la costa,,,,
VIAJES TURISTOURS,https://www.turismo.gal/recurso/-/detalle/36117/viajes-turistours?langId=es_ES&tp=73&ctre=153,"R/ Castelao, 5 baixo 36680 A Estrada - Pontevedra",Agencia de viajes,,+34 986 592 531,viaxesturistours@gmail.com,"42º 41' 52.3"" N - 8º 14' 48.8"" W",,Grupo: Minorista | Tipo agencia: Casa matriz,Camino de Invierno | Vía de la Plata,,,,
VIAJES VAL MIÑOR,https://www.turismo.gal/recurso/-/detalle/260636382/viajes-val-minor?langId=es_ES&tp=73&ctre=153,"Calle Julián Valverde, nº 31 36393 Baiona - Pontevedra",Agencia de viajes,,+34 986 386 102,info@viajesvalminor.com,"42º 06' 45.9"" N - 8º 49' 04.0"" W",http://www.viajesvalminor.com/,Grupo: Minorista | Tipo agencia: Casa matriz,Camino Portugués de la costa,,,,
VIAJES VIABUS TRAVEL,https://www.turismo.gal/recurso/-/detalle/266431627/viajes-viabus-travel?langId=es_ES&tp=73&ctre=153,SINEIRO 20 36980 O Grove - Pontevedra,Agencia de viajes,,+34 986 732 336,ventas1@viabustravel.com,"42º 29' 24.0"" N - 8º 52' 00.9"" W",http://viabustravel.es/,Grupo: Mayorista-Minorista | Tipo agencia: Casa matriz,Ruta del Mar de Arousa y Ulla,,,,
VIAMAY TOURS,https://www.turismo.gal/recurso/-/detalle/261488266/viamay-tours?langId=es_ES&tp=73&ctre=153,"INFANTAS, 10, 2º 0 Cambados - Pontevedra",Agencia de viajes,,+34 986 531 902,info@viamaytours.com,"42º 30' 48.9"" N - 8º 48' 54.0"" W",http://www.viamaytours.com/,Grupo: Mayorista-Minorista | Tipo agencia: Casa matriz,Ruta del Mar de Arousa y Ulla,,,,
VIATGES BELLVITGE,https://www.turismo.gal/recurso/-/detalle/230818000303/viatges-bellvitge?langId=es_ES&tp=73&ctre=153,,Agencia de viajes,,,viatgesbellvitge364@gmail.com,,https://viatgesbellvitge.grupoairmet.com/,Grupo: Minorista | Tipo agencia: Casa matriz | Modalidad: Agencia de viajes on line,,,,,
VIAXES ARCADE,https://www.turismo.gal/recurso/-/detalle/240917000258/viaxes-arcade?langId=es_ES&tp=73,"Alameda Talo Río, nº 10 36690 Soutomaior - Pontevedra",Agencias de viajes,,,diananarcisoporto@gmail.com,,,Grupo: Mayorista-Minorista | Tipo agencia: Casa matriz | Modalidad: Agencias de viajes con establecimiento físico,Camino Portugués,,,,
VIAXES ARPA GALICIA,https://www.turismo.gal/recurso/-/detalle/230905000066/viaxes-arpa-galicia?langId=es_ES&tp=73&ctre=153,"Gran Vía, nº 132 36203 Vigo - Pontevedra",Agencia de viajes,,,angela@viaxesarpa.com,,,Grupo: Mayorista-Minorista | Tipo agencia: Casa matriz | Modalidad: Agencias de viajes con establecimiento físico,Camino Portugués de la costa,,,,
VIAXES DYSA,https://www.turismo.gal/recurso/-/detalle/34421/viaxes-dysa?langId=es_ES&tp=73&ctre=153,"Jaime Janer, nº 33 36900 Marín - Pontevedra",Agencia de viajes,,+34 886 202 251,reservas@viaxesdysa.com,"42º 23' 27.2"" N - 8º 42' 03.8"" W",,Grupo: Minorista | Tipo agencia: Casa matriz,,,,,
"VIAXES OTERO, S.L.",https://www.turismo.gal/recurso/-/detalle/275/viaxes-otero-s.l.?langId=es_ES&tp=73&ctre=153,"AVDA. VILAGARCÍA, 91 36630 Cambados - Pontevedra",Agencia de viajes,,+34 986 520 301,oteroviajes@grupoeuropa.com,"42º 31' 31.6"" N - 8º 48' 43.7"" W",http://www.grupoeuropa.com/,Grupo: Minorista | Tipo agencia: Casa matriz,Ruta del Mar de Arousa y Ulla,,,,
VIAXES TURGALIA,https://www.turismo.gal/recurso/-/detalle/280381946/viaxes-turgalia?langId=es_ES&tp=73&ctre=153,"CALVO SOTELO, 29-33 LOCAL 3 36680 A Estrada - Pontevedra",Agencia de viajes,,+34 986 571 681,,,,Grupo: Minorista | Tipo agencia: Casa matriz,Camino de Invierno | Vía de la Plata,,,,
VIBE TRAVEL DIFFERENT,https://www.turismo.gal/recurso/-/detalle/190409000136/vibe-travel-different?langId=es_ES&tp=73&ctre=153,"Calle Barcelona, nº 43 36203 Vigo - Pontevedra",Agencia de viajes,,986 192 052,info@vibeviajes.com,"42º 13' 31.4"" N - 8º 43' 26.7"" W",http://www.vibeviajes.com/,Grupo: Minorista | Tipo agencia: Casa matriz | Modalidad: Agencias de viajes con establecimiento físico,Camino Portugués de la costa,,,,
VIGO LINEA TOURS,https://www.turismo.gal/recurso/-/detalle/240304000041/vigo-linea-tours?langId=es_ES&tp=73&ctre=153,,Agencia de viajes,,,paolagonza13@gmail.com,,"http://www,vigo.lineatours.com/",Grupo: Minorista | Tipo agencia: Casa matriz | Modalidad: Agencia de viajes on line,Camino Portugués | Camino Portugués de la costa,,,,
VILATOURS,https://www.turismo.gal/recurso/-/detalle/190520000291/vilatours?langId=es_ES&tp=73&ctre=153,"Praza de España, nº 9 36600 Vilagarcía de Arousa - Pontevedra",Agencia de viajes,,+34 986 189 465,info@vila-tours.com,,,Grupo: Minorista | Tipo agencia: Casa matriz | Modalidad: Agencias de viajes con establecimiento físico,Ruta del Mar de Arousa y Ulla,,,,
VIO VIAJES,https://www.turismo.gal/recurso/-/detalle/28954/vio-viajes?langId=es_ES&tp=73&ctre=153,"SERAFÍN AVENDAÑO, 15 36201 Vigo - Pontevedra",Agencia de viajes,,+34 986 441 678,info@vioviajes.com,"42º 14' 13.8"" N - 8º 42' 45.1"" W",,Grupo: Mayorista-Minorista | Tipo agencia: Casa matriz,Camino Portugués de la costa,,,,
VIP WAY TRAVEL,https://www.turismo.gal/recurso/-/detalle/250714000329/vip-way-travel?langId=es_ES&tp=73&ctre=153,,Agencia de viajes,,,,,https://www.vipwaytravel.com/,Grupo: Mayorista-Minorista | Tipo agencia: Casa matriz | Modalidad: Agencia de viajes on line,,,,,
VIRAVOLTA VIAJES,https://www.turismo.gal/recurso/-/detalle/210811000350/viravolta-viajes?langId=es_ES&tp=73&ctre=153,,Agencia de viajes,,+34 644 050 808,MANUELA@VIRAVOLTAVIAJES.ES,,http://www.viravoltaviajes.com/,Grupo: Mayorista-Minorista | Tipo agencia: Casa matriz | Modalidad: Agencia de viajes on line,Ruta del Mar de Arousa y Ulla,,,,
VOLTA MONTANA,https://www.turismo.gal/recurso/-/detalle/190530000563/volta-montana?langId=es_ES&tp=73&ctre=153,,Agencia de viajes,,,hello@voltamontana.com,,https://www.voltamontana.com/,Grupo: Mayorista-Minorista | Tipo agencia: Casa matriz | Modalidad: Agencia de viajes on line,,,,,
WAYSANTIYMAS,https://www.turismo.gal/recurso/-/detalle/170919000457/waysantiymas?langId=es_ES&tp=73&ctre=153,,Agencia de viajes,,,conchitabernardez@gmail.com,,http://www.caminodesantiago.agency/,Grupo: Minorista | Tipo agencia: Casa matriz | Modalidad: Agencia de viajes on line,Camino Portugués de la costa,,,,
WELCOMECAMINO,https://www.turismo.gal/recurso/-/detalle/240729000513/welcomecamino?langId=es_ES&tp=73,,Agencias de viajes,,,welcomecamino@gmail.com,,http://www.welcomecamino.com/,Grupo: Mayorista-Minorista | Tipo agencia: Casa matriz | Modalidad: Agencia de viajes on line,,,,,
WILDGALICIA,https://www.turismo.gal/recurso/-/detalle/230417000223/wildgalicia?langId=es_ES&tp=73&ctre=153,,Agencia de viajes,,,info@galiciaecoturismo.com,,https://galiciaecoturismo.com/,Grupo: Mayorista-Minorista | Tipo agencia: Casa matriz | Modalidad: Agencia de viajes on line,Camino Portugués de la costa,,,,
WOUTICK,https://www.turismo.gal/recurso/-/detalle/180716000308/woutick?langId=es_ES&tp=73&ctre=153,,Agencia de viajes,,,admin@woutick.es,,http://www.woutick.es/,Grupo: Minorista | Tipo agencia: Casa matriz | Modalidad: Agencia de viajes on line,Camino Portugués de la costa,,,,
XOANIÑA VIAXES,https://www.turismo.gal/recurso/-/detalle/220111000030/xoanina-viaxes?langId=es_ES&tp=73&ctre=153,"Ramirantes, nº 28-30 36400 O Porriño - Pontevedra",Agencia de viajes,,+34 655 351 293,info@xoaninaviaxes.com,,,Grupo: Mayorista-Minorista | Tipo agencia: Casa matriz | Modalidad: Agencias de viajes con establecimiento físico,Camino Portugués,,,,
YOUR ! TRAVEL,https://www.turismo.gal/recurso/-/detalle/280382773/your-travel?langId=es_ES&tp=73&ctre=153,nº 22 36960 Sanxenxo - Pontevedra,Agencia de viajes,,+34 622 509 549,carinagarciatouriño@gmail.com,,,Grupo: Minorista | Tipo agencia: Casa matriz,Ruta del Mar de Arousa y Ulla,,,,
YU TRAVEL,https://www.turismo.gal/recurso/-/detalle/210429001689/yu-travel-?langId=es_ES&tp=73&ctre=153,"CLEMENCIO FERNANDEZ PULIDO , nº 2 36630 Cambados - Pontevedra",Agencia de viajes,,,jesusf.ares@yutravel.es,,,Grupo: Mayorista-Minorista | Tipo agencia: Casa matriz | Modalidad: Agencias de viajes con establecimiento físico,Ruta del Mar de Arousa y Ulla,,,,
"ZAFIRO TOURS, S.A.",https://www.turismo.gal/recurso/-/detalle/280381887/zafiro-tours-s.a.?langId=es_ES&tp=73&ctre=153,"Rosalía de Castro, nº 1 local 7 36001 Pontevedra - Pontevedra",Agencia de viajes,,+34 986 108 369,,,,Grupo: Mayorista | Tipo agencia: Sucursal de una casa matriz no de Galicia,Camino Portugués | Camino Portugués de la costa,,,,
"ZONDA, S.L.",https://www.turismo.gal/recurso/-/detalle/280379513/zonda-s.l.?langId=es_ES&tp=73&ctre=153,"AVDA. CAMELIAS, 130, BAIXO 0 Vigo - Pontevedra",Agencia de viajes,,,,,,Grupo: Minorista | Tipo agencia: Sucursal de una casa matriz en Galicia,Camino Portugués de la costa,,,,
ZT 1771,https://www.turismo.gal/recurso/-/detalle/230608000267/zt-1771?langId=es_ES&tp=73&ctre=153,"MANOLO MARTÍNEZ, nº 1 36210 Vigo - Pontevedra",Agencia de viajes,,,PISCOALONSOALVAREZ@GMAIL.COM,,,Grupo: Mayorista-Minorista | Tipo agencia: Casa matriz | Modalidad: Agencias de viajes con establecimiento físico,Camino Portugués de la costa,,,,
ZT 1785,https://www.turismo.gal/recurso/-/detalle/230803000074/zt-1785?langId=es_ES&tp=73&ctre=153,"ROSALÍA DE CASTRO, nº 4 36380 Gondomar - Pontevedra",Agencia de viajes,,,GONDOMAR@ZAFIROTOURS.ES,,,Grupo: Mayorista-Minorista | Tipo agencia: Casa matriz | Modalidad: Agencias de viajes con establecimiento físico,,,,,
ZT 1788,https://www.turismo.gal/recurso/-/detalle/230921000342/zt-1788?langId=es_ES&tp=73&ctre=153,"Avenida da Hispanidade, nº 82 36203 Vigo - Pontevedra",Agencia de viajes,,,vigohispanidad@zafirotours.es,,,Grupo: Mayorista-Minorista | Tipo agencia: Casa matriz | Modalidad: Agencias de viajes con establecimiento físico,Camino Portugués de la costa,,,,
ZT1638,https://www.turismo.gal/recurso/-/detalle/210611000322/zt1638?langId=es_ES&tp=73&ctre=153,"Barqueiras, nº 4 36980 O Grove - Pontevedra",Agencia de viajes,,+34 986 053 555,ogrove@zafirotours.es,"42º 29' 34.7"" N - 8º 51' 44.1"" W",http://www.booking.ogrove.zafirotours.es/,Grupo: Mayorista-Minorista | Tipo agencia: Casa matriz | Modalidad: Agencias de viajes con establecimiento físico,Ruta del Mar de Arousa y Ulla,,,,
ZT283,https://www.turismo.gal/recurso/-/detalle/190206000051/zt283?langId=es_ES&tp=73&ctre=153,"Calle Argentina (antigo mercadillo), nº 10 36470 Salceda de Caselas - Pontevedra",Agencia de viajes,,+34 986 343 065,salceda@zafirotours.es,"42º 06' 00.9"" N - 8º 33' 36.3"" W",,Grupo: Minorista | Tipo agencia: Casa matriz | Modalidad: Agencias de viajes con establecimiento físico,,,,,
